   3.2859478335495159E-003
   7.4357120228468387     
   13.296241887546961     
   3.0558189011473518     
   4.7196363290503811     
   2.1851145187055767     
   37.244531088361214     
   7.1809151140172638     
   7.5597817597467412     
   2.9719590012644490     
   1.1326627880706368     
   16.900387349044721     
   23.080440156721135     
   6.0153202432703310     
   2.8155224209932483     
   2.8423191537184325     
   2.0859231925856787     
   3.9056229865221481     
   1.0920925974526565     
   16.470035590457627     
   7.6445139636741652     
   18.608125602492876     
   13.356728220793471     
  0.81570925935375627     
   7.7437748056537696     
   1.4042207900249946     
   19.843148309643457     
   6.2473418399576346     
   6.3860775104398773     
   5.9784575725813642     
   2.6588761506271030     
  0.12394148590116283     
  0.23294740581553541     
   50.374204891077369     
   24.702836356252106     
   15.410197948621754     
   8.4587797364506816     
   14.663787134390363     
   9.7702307998712925     
   4.2193597537297665     
   4.7101694460039347     
   3.1076240825223005     
   4.3345846754607118     
   10.242795811687685     
   4.5221089756266029     
  0.54252251204641155     
   7.5217165550101663     
   1.7161825785957467     
   6.0480405009987059     
   3.9940194517016998     
   2.1415964607455438     
  0.66924279021295063     
   43.069942982679244     
   7.8985031310486056     
  0.93353962655211964     
   50.059978550398860     
   5.6868408318420727     
   12.091992220981815     
   2.0670461408724741     
   7.8460840427502774     
   53.881883024806363     
   2.1067341937584065     
   11.528433964037410     
   5.0979832911936560     
   5.7797850772453332     
   13.744476965161429     
   1.9609896858634854     
   16.648527354103901     
   16.404047804634402     
   1.0254335999614392     
  0.30147807572682761     
   1.4383575462338294     
   10.145527136466391     
   4.7857218661108414     
   2.8686955422511868     
   7.0668763215894757     
   7.3638454800710171     
   1.0928744653514206     
   41.104097709077422     
   4.2861734084422469     
   14.624263164162219     
   3.0835505825846514     
   10.979425567813097     
   24.665463445228820     
   6.2807018705213347     
   5.8128978523746087     
   25.437576402834388     
   6.2980391013594286     
   37.823459747006098     
   3.8571076875240773     
   15.807760402432933     
   20.063167459491595     
   13.572803941934319     
   8.1530431878376248     
   17.531368520151030     
   7.5763331456063190     
   3.6729161441499714     
   4.2075144849650954     
   3.7298626991764006     
   5.9162675031153977     
   8.3647898677411643     
   10.570747604082673     
  0.64985958055223314     
   6.7288093194151486     
   6.0924543942652747     
   9.5473654466630711E-002
   12.074471875543864     
   4.9144384238152936     
   5.9220419516005718     
   27.514513932234713     
   1.3370497641490302     
   5.5912571943997378     
   3.4604800574966905     
   5.2928499736623866     
   2.7927778778684900     
   4.5517575308685441     
   12.386879079546063     
   27.420760341295228     
  0.17979110859623365     
   6.4998204710460179     
   17.236934263450291     
   7.6078804316592858     
   1.3465572527276117     
   5.1135401944082970     
   1.3788853617227246     
   16.735645311104513     
   4.9706480547284713     
  0.79317760798050962     
   9.1037853492324174     
   4.1046818032604691     
   2.9250401259369658     
   4.8851730793011372     
   3.7698315321960223     
   9.5852233612932327     
   2.2842928865506953     
   3.3472353570111353     
   45.211364764804181     
   2.1863634761170108     
   10.842303700106203     
   7.2191207329198539     
   15.350793086149901     
   1.3601511765364056     
   4.4338134028300615     
   2.5149850436493537     
   3.5498217505765006     
   1.8416441745429490     
   31.333909548621794     
   12.936950737576499     
   8.8991411637167719     
   7.2900449196456671     
   6.7193795709212898     
   4.5569983236038665     
   3.4714013720193684     
   4.9397214073357256     
   5.2507014335077784     
   5.6089924356326781     
   3.8847617043210847     
   4.3487910896526767     
   1.1499453892890263     
   13.058787629613757     
   5.2653797386957057     
  0.10187366084912373     
   4.3262321913427959     
   7.6897919391311556     
   2.1289306819319207     
   20.424305106023258     
   24.405967874371676     
   33.490792608352081     
   15.820395052957403     
   2.6546065088498620     
   7.1318298933768869     
   2.1968893929266518     
   20.502117463814834     
   16.731184948216267     
   41.779230620930861     
   4.2195888036181151     
   9.8996188822964157     
   11.226799511451569     
   22.296407011869125     
   1.3114080230811722     
   11.394777061148453     
   56.860600096351362     
   37.161472007304461     
   1.3963524284801925     
   4.6066209784898158     
  0.41272071121159271     
   7.8280790331317824     
   1.9203145997105717     
   7.0375276678700036     
   1.6973657214699436     
   15.751216381765117     
   2.8787759479989279     
   2.4403144069900553     
   4.1185867047658640     
   13.681728470667046     
   5.3492878110491588     
   31.566700275854437     
   8.5572568842800685     
   6.0124881886566985     
   10.141523219280179     
   27.677709396760008     
   6.7861157442493338     
   6.1639153604636077     
  0.89296735957033047     
   13.996874055977989     
   1.6402642182558647     
   8.4835421507452793     
   9.3205374223121460     
   4.2193742964238448     
   4.9297941465457358     
   2.5115579033007762     
   16.915167597413351     
   6.5705375534961998     
   10.481160948512557     
   7.1146764759746066     
  0.58665653343747548     
   9.9493778768893577     
   11.223612865157355     
   1.6495443562521706     
   16.188865933930423     
   2.3991707338026234     
  0.50736503623519746     
   6.1536179825158763     
   13.399547796033852     
   33.169642181318082     
   7.6703612504745555     
  0.43450992174059899     
   10.386359266739191     
   4.8013357599083513     
   6.9039818160800035     
   4.5739839723150917     
   4.7930194339891585     
   18.696914214567425     
   18.720354966981894     
   24.603186211962608     
   8.0569972366180380     
  0.53762793842018541     
   13.204460515957850     
   3.0213435335350476     
   9.5632435354935001     
  0.23445567236374920     
   6.3200210022576524     
   10.115212234436070     
   21.144165199924391     
   4.1043511408645887     
   21.524078107127398     
   32.941233900036742     
   6.0036404677805200     
   6.5490220365024374     
   21.778500450830023     
  0.25309347217172612     
  0.37616642239417009     
   6.5543655820719859     
   7.9422682132140929     
   5.1996507617549979     
   7.8613110015875476     
   10.929018102603063     
   8.7611649196246546     
   9.7021606442011663     
   1.3884245099135168     
   14.901697317115939     
   16.385265088296773     
   35.421694341678190     
   5.6735996838982574     
  0.92338634674764208     
   5.8342692352021341     
   40.058534627671527     
   34.726567694996419     
   5.1844358924087866     
   4.0133755268688880     
   46.783826922102108     
   15.940194135385671     
   4.6816625270454590     
   3.6675269039161540     
  0.73750848218790577     
   26.517382929843862     
   9.8984127172517979     
   25.553954559989435     
   13.598944085720175     
   19.007738204979209     
   1.5856631025890207     
   6.4489330678657542     
  0.58266018494972049     
   3.5083977923177683     
   2.8805312059071033     
   5.5948359357137090     
   13.134426218142972     
   12.802598249232521     
   2.7763206084759959     
   5.6032288935510906     
   15.649335125727774     
   9.8005453385632304     
   6.7994243559436329     
   16.148692672728078     
   16.668872111942250     
   3.1302687711958854     
   2.4238615312094876     
   10.733315018139633     
   2.6436499907702640     
   4.7857141710654885     
   2.7733312853717877     
   9.7682992153231574     
   1.2768207385588783     
   9.2648219258490716     
   4.6284168471913549     
   1.3364420503531540     
   7.6426552889960222     
   4.9211987449657775     
   4.9930289790829088     
   26.934243674528204     
  0.28368933862429674     
   1.0222931797030299     
   3.0690091632524514     
   11.891966095746799     
   18.707265341466719     
   7.4560986119121502     
   7.9320908932847337E-002
   15.648639626236292     
   4.8395200435105670     
   1.3866359110622990     
   1.7097790632630954     
   4.8955812601292337     
  0.38592744168353066     
   3.1787755003008744     
   11.518644903529990     
   2.2192811708174656     
  0.52380521798602431     
   12.073219887412989     
   14.250789206227081     
   1.0049132533201586     
   20.510141592223725     
   7.9740511502741631     
   7.0671711619080888     
   14.626115742184210     
   43.933978047634916     
   3.4095782774302394     
   13.104740350151927     
   3.3835035339645052     
   7.5324610840146544     
   10.928363835715988     
   2.4198793292604419     
   5.1408191600737272     
   8.8026652903105305     
   9.2017590918130168     
   3.1779531659618754     
   11.382423644684760     
   4.2968811061899519     
   6.6718898270976412     
   7.0425601913817886     
   4.1284498228542565     
   12.733345433182146     
   15.002732821984225     
   20.954243786412206     
   5.7424028868375547     
   5.6759378047830298     
   3.8059203475252374     
   1.5563983789798472     
   5.8042121168909278     
   13.936292017011811     
   31.682751378314677     
   17.604095309754427     
   9.8865641087501661     
   7.2734273733759327     
   5.1262416011010378E-002
   27.763915676786088     
   7.9762847723291932     
   2.2034670348861374     
   13.611732916569713     
   4.5065916975621505     
   5.9233481288075671     
   1.6133578327378981     
   1.5264663524329132     
   3.8310091345330237     
   26.243793368976153     
   13.921278022572004     
   11.773239571752832     
   13.045464712272608     
   4.1372119914657439     
   6.1931482420241215     
   8.4822056848824747     
   10.339129075329529     
   2.4657111821956117     
   13.451260520617193     
   10.854056613761605     
   2.1012229135174372     
   1.9682382939867882     
   17.093965980202597     
   4.4084719184205907     
   18.931551658680849     
   27.911544744006239     
   21.686157617441886     
   4.4710646563848737     
   4.0029598641322703     
   3.0972454535009497     
   8.2339787136060121     
   14.965277137418823     
   16.486473722937667     
   18.901690249288343     
   4.6000435060383449     
  0.66874315830900444     
   2.2604280729946598     
   3.9776103893670225     
   11.401835557892326     
   15.674965495232788     
   9.7756538965670003     
   14.789999227359818     
   3.1354804288590277     
   9.6812847151287009     
   16.942795217708799     
  0.27469164431984155     
   4.9856075895131946     
   4.4548408862935815     
   21.229562815405739     
   8.8424392811367163     
   3.1303568054353366     
   3.8817910962685080     
   34.011339643310357     
   13.149209026285000     
   5.0762497509637488     
   6.4422105892346675     
   1.3388431439115398     
  0.70187738569616087     
   2.2414338245312653     
   18.295635303619989     
   13.965954195169164     
   3.7554379479147402     
   9.6263200492519144E-002
  0.14757995061367837     
   2.4432971267168675     
   3.1005282534142009     
   9.3881107479047827     
   24.007274006744474     
   5.3436923239177601     
   5.9617560711516981     
   15.164581482022077     
  0.72152834944080757     
   32.211264043056154     
   2.6517714539996073     
   19.457287289742350     
   8.3326366652166257     
   2.2222433385981470     
  0.36940295264230089     
   7.5918472913758874     
   7.4066673753591816     
   6.8256984965108405     
   1.5699237153979140     
   21.281013470672903     
   23.814468957323381     
   14.080781862959332     
   15.763502953144817     
   7.3330575707566803     
   3.4133341926215630     
   2.4873041723472324     
  0.71707303350788909     
   46.938940936406041     
   2.2347953952988342     
   25.083546577721716     
   21.086320073771869     
   8.3047758939903868     
   17.265707834118849     
   1.6018778328547032     
   12.461770516237930     
   3.1830782959226980     
   29.174053031797925     
   2.0330354442335192     
   38.054803941498065     
  0.74777785838292310     
   30.188971945211804     
   22.632076227420956     
   16.175541032917820     
   14.888945180515513     
   36.098120237392266     
   2.9481870925812945     
   4.9580357467357992     
   1.9006054738439269     
   1.5099463239388045     
   6.2600188321600934     
   20.511142743548586     
   14.397897532533975     
   1.2860108134376920     
   2.1414605970794147     
   21.247767968323217     
   2.8061652378992967     
   4.6973053421535944     
   14.199507498951718     
   3.8033810981457954     
   2.6042982022164396     
   7.0627543010258709     
   1.1163429792296657     
   3.6066885893477698     
   62.785517037838133     
   6.3217974354536324     
   2.4839170681941081     
   9.9415142092693749     
   15.340860160230578     
   7.4959020192739203     
   11.520734746410836     
   3.7110299013088661     
   9.9232389704077484     
   5.2783697855270271     
   22.792382058343264     
   9.2020163928034311     
   5.8276954569075077     
   16.876304759717776     
   5.5597462077745963     
   34.723648816746689     
   2.9085712101586365     
   12.372646507416480     
   8.2145088483953424E-003
   16.282507105208705     
   2.8460168530596648     
   19.995232595653480     
   4.0883988922265493     
  0.87647940415181702     
   4.9273899673213286     
   14.010821181040260     
   26.439128102590104     
   3.8361828104681388     
   19.410292539468969     
   2.9459173574406772     
   7.9533319012740789     
   16.365219190593294     
   5.4758336148760121     
   13.663473093432337     
   9.0930011421633203     
  0.42457203334228177     
   10.360236812790157     
   17.167788912482816     
   13.058365244988497     
   2.4526893724096848     
   9.7905699016916810     
   2.2056189282485086     
   10.379786911336845     
   6.3198954078146663     
   7.4181749889146236     
   12.317347748637122     
   30.808256579712996     
   2.2520626942976167     
   1.1226121631438108     
   12.855177761894117     
   13.614179156278986     
   5.4087768865692638     
   4.2494428708615191     
   6.5317622556135007     
   16.265830603554029     
   13.608496986560306     
   34.723111221563407     
   2.5435821158055822     
   9.6531692848804127     
   18.728961626896485     
   1.4746667092842791     
   4.9630865939955369     
   4.1631795048010742     
   3.2870835957873323     
   5.7147310422495368     
   2.3257809230582689     
   10.764481530523165     
   1.1995589775185094     
   20.484960404067806     
   1.0369498668029524     
   6.7256043558990708     
   12.252070627591504     
   18.323172116710317     
   1.8656007221631454     
   5.2543820948589488     
  0.92354585220750440     
   11.544946872984026     
   1.6539569876990416     
  0.94810340984187735     
   3.1882257306958999     
   2.7116990551705888     
   21.689870049962053     
  0.76711257347513817     
  0.81755900539407389     
   5.1455204704461996     
   3.7111612103180134     
   15.160074563282640     
   5.1887371451648860     
   10.117271026732181     
   1.4572968805974262     
   1.9480463813749771     
   24.880826550596314     
   19.521115316983927     
   18.749616790962953     
   6.2731092525033922     
   9.9329034988045990     
   5.5501685405816712     
   13.237776454471215     
   2.0889518839512533     
   6.0157901547921702     
   11.386599313103583     
   9.0300446189431831     
   3.3359461558134971     
   5.2027911837644840     
   11.556071607364792     
  0.43132065755846793     
   7.1459723459902502     
   18.093536623536298     
   11.632881483377478     
   7.6369278284307152     
   23.466413540143677     
   13.457604940418605     
   5.7845245578657316     
   2.4427857401468631     
   8.9824917879818180     
   16.646070622489471     
  0.24590932236007129     
   3.0334033396226867     
   8.9561255215089446     
   13.382345239700653     
   4.8942548492841720     
   11.128330276966445     
   14.894272453849229     
   52.395902239542778     
   21.714975539567636     
   22.199003859228348     
   5.5699197960062232     
   14.675893116440356     
   3.7985868840252612     
   12.691753031721451     
   1.8617571525255299     
  0.45007247881003831     
   11.080763733934656     
   5.7662718314031816     
   64.459639898177528     
   3.9873140555256112     
   10.032068326687302     
   18.753861817698059     
   8.2422057185329471     
   18.471390123468719     
   13.754726572740687     
   7.6397118141848637     
  0.89895194143255397     
   30.038773082080951     
   6.3043339089779673     
   9.4213476416820381     
   12.811574117109014     
   5.7198748732500118     
  0.91477160271911351     
   2.6448271009784885     
   22.940277753965535     
   19.659588498303496     
   10.762788697219833     
   1.5130939304873536     
  0.12528130104488874     
   2.8380179816619364     
   13.643571474235245     
  0.59615964441668612     
   11.617975084019466     
   12.056783149403929     
   6.8520891585969572     
   7.4946962764049454     
   12.914937466021986     
   5.6521447926662987     
   9.6973368342349193     
  0.56154978886504026     
   15.534235287797152     
   28.304115628744665     
   8.7303049676471893     
   44.915478802219354     
   12.383580187113100     
   4.0053510185802157     
   32.530903786836681     
   4.0847035558066382     
   31.601543027938344     
  0.65410941380388221     
   2.0043127239986243     
   7.4784153333530625     
   15.333643410427536     
   24.061732400331358     
   11.613427529432334     
   3.7044252098035479     
   33.470784123508210     
   9.4845962737743079     
  0.27512785799501338     
   1.1234791184493400     
  0.27690966986710924     
  0.18615302202751480     
   36.970533333964518     
   2.8451548849006154     
   14.783744232574085     
   20.489344036726706     
  0.48461832246331943     
  0.82004311872588731     
   2.8864733868813892     
   24.389887139069021     
   9.3628251451788085     
   3.1304187559202701     
   5.1271265827402859     
   16.720505955039222     
   9.5273191763532257     
   15.123810871837851     
   57.615689399703250     
   1.3139852824248177     
   6.4730712741617786     
   3.8558349725847352     
   4.1467145166270649     
  0.16200652241078972     
  0.96694465924207917     
  0.48060500038214332     
   10.526315044741265     
  0.56092437717750598     
   15.860351268232195     
   6.4905059811497051E-002
   13.216217981202314     
   7.6605138686895806     
   4.3249093744021962     
   1.0041540485551514     
   12.632987990605752     
   3.9984317589459497     
   1.8380476145349820     
   26.127214681696582     
   6.2918958598390802     
   6.3960476843207843     
   3.5094543310234547     
   6.9631553219681743     
  0.88478770695664799     
   1.9459955431745772     
  0.84553054429162378     
   10.985431496703256     
   3.2928647863401759     
   5.5385878739346106     
   8.0349021505669125     
   5.8090526953493384     
   3.6436887446149773     
   3.1995922543610100     
   1.2396021850850654     
   5.9362682083841412     
   1.6355459493685593     
   18.257453424223943     
   5.7330928803209469     
   9.6540832815505944     
   5.6669625680551006     
   14.454346777101099     
   7.7983262744968052     
   3.2928482165487951     
   5.2200269084898689     
   21.796068188015365     
   4.5690166467825257     
  0.98717663449363835     
   21.724160418848459     
   10.515357097239029     
   9.7452061163834820     
   6.7226245679930834     
   1.6410339566379006     
   11.126988192271632     
  0.35351826037739287     
   15.136129677107791     
   8.2036451652938158     
   4.5194449123073070     
   2.2596689249616246     
   3.7006343191508924     
   8.3201428549890206     
  0.70603680881908071     
   12.552649609974054     
   2.1014821566584584E-002
   3.3748593383241543     
   1.7899438769870208     
   6.7721020758137129     
   7.0077171266502845     
   4.0441161468906941     
   7.4450341943334122     
   1.9764827879728228     
   2.1611268565768347     
   7.6172420028408681     
   6.3906163887193745     
   6.4759138255347528     
   17.152856094116277     
   2.4513731956818106     
   22.242426907762372     
   4.0865976935993453     
  0.76538023473500383     
   4.8128876244707319     
   7.0166870304863558     
   16.499077651175927     
   25.589013611909994     
   3.7629308633287057     
   10.709325354783994     
   5.6314183021031017     
   16.415452565973840     
   16.742981914662593     
   12.118422544828080     
   5.5227784786857894     
   3.1273771142579525     
   10.795738464143971     
   42.369568038408083     
   1.2284056172773874     
   16.799042057794516     
   3.7748101973977581     
   4.3753330759011568     
   29.908338215285401     
   7.4651279669770441     
   2.3003194848334090     
   12.092855062703622     
   9.6406884463497846     
   19.048404587737565     
   4.1847608266480423     
   1.9048534036188429     
  0.43492826135074758     
   3.8413206556751307     
   13.365453512537744     
   27.032881791758236     
   2.0839584120774992     
   10.281236491930253     
   7.3137027595978648     
   10.447000012824994     
   4.2345465700993641     
   1.0492261013168549     
  0.81373053925329408     
   6.4359963174083736     
   10.261026400052391     
   4.3730437882067150     
   6.2379235981402283     
   49.520880237936559     
   2.2259033484456858     
   32.452325525009165     
   2.3735975597884087     
   2.1643708326069642     
   25.875617575228546     
  0.62407360650087662     
   17.416584536971818     
   25.321847150338911     
  0.98644772002195569     
   14.864680714558055     
   14.406402530613413     
   7.0410077444668104     
  0.51292240327019500     
   4.1113009449013465     
   9.9340623249407738     
   1.6013013804322962     
   21.546384690037875     
   3.7560175977959616     
   11.351469457540491     
   10.613359248911298     
   22.381458781253745     
   5.6522790575743196     
   13.821620569794632     
   19.265526875445396     
  0.72595488674476283     
   21.059627790738350     
   1.1997955281373960     
   2.5684753105574809     
  0.18863089247089049     
  0.62846736053682284     
   14.300153127369235     
   57.483197247788070     
   5.4575797075827817     
   43.423283181183081     
   5.2458577646362077     
   9.4250794118752204     
   1.8032807695623165     
   2.4949507725674347     
  0.90963921776743839     
   4.4577521486553637     
  0.12759441340823635     
  0.91523403849908025     
   28.556821142891518     
   3.8958046323149431     
   26.716397021100228     
   42.410732265523094     
   1.1863559639170329     
   1.9775054744723639     
   9.2915630937642320     
   1.5107476909771216     
   9.6962679866151049     
   4.6764701797785211     
   18.579121464187498     
   1.5484595136701995     
  0.13323939768056359     
   6.0280983845075546     
   5.9267329186952447E-002
   3.8471756966578448     
   5.7665349572448292     
   2.8092149135397348     
   2.7839804996254580     
   1.9665518997447451     
   6.7581689418057387     
   9.1213159789414835     
   1.9948198494929263     
   6.2457700327434544     
  0.59017393354107905     
   2.3013188118640109     
  0.38591257371480991     
   2.8644496871755702     
   1.6047381999415846     
   16.441620669273959     
   3.8388564004890373     
   24.659875150734727     
   11.077125228107557     
   5.4497151034061879     
   3.8868363799934249     
   12.675326988432726     
   5.1672813356045086     
   1.6334431051165743     
   18.352891505407136     
   1.6581661291948093     
  0.89609349824746953     
   8.1975440209099446     
   18.923986978727022     
  0.22464868861554785     
   4.4475589970565208     
  0.41742773627232471     
   1.4009509246034897     
  0.89588749239454912     
   2.7980026199309700     
   7.9976996567164574E-002
   21.484517156933585     
   2.4507364964280112     
  0.55494711253710427     
   3.4881250797667822     
   2.6749292647499532     
   11.234385616856180     
  0.43019308154079017     
   11.852218160345831     
   6.2948215945146071     
  0.98280131401975779     
   2.5101787954342738     
  0.13310167721758387     
   2.5413070771508566     
   10.613621104419444     
  0.46350639256062776     
   2.7171162343915030     
   17.503989844657919     
   7.9111697233742397     
   13.701743786482442     
   35.361264747710464     
   6.6220167928689015     
   4.8611942722395991     
   8.1736301082069645     
   1.3180401011265022     
   6.0427425639280905     
   6.2675211965149149     
   9.4879453304674612     
   2.2880925701558872     
   4.5545993989723641     
   13.455526310512091     
   7.5565174051245707     
   11.428504510062226     
   1.0737230059880378     
   1.0726639444615453     
   6.9890868025180533     
   15.126310210499888     
   25.770818713935128     
   13.751726980210009     
   3.0251209450144234     
   3.6791590412497199     
   9.4218002740143767     
  0.16209133217098823     
   2.6478155334063951     
   14.089801691102004     
   6.9254606960684590     
   5.9505147326423700     
   4.6024986904369145     
   10.995721455456724     
  0.43977779573980630     
   1.2809309725437852     
   11.510794919999441     
  0.29368946093152876     
   5.6047947448021791     
   3.4984744872732980     
   6.9910149497807570     
   4.9812829494759949     
   28.636602325042428     
   1.8707119325421056E-002
   5.3439079465066355     
   10.815477591031328     
   2.8151654052467623     
   15.821752198592232     
   12.101951386034475     
   1.9420659451867459     
   10.338713408442231     
   34.751566650368048     
   12.358778764359016     
   2.6315794100922663     
   16.057430599571351     
   1.7130751023451982     
  0.58734170989786161     
   12.562416980787848     
   11.357680842979285     
   7.1463219421824764E-002
   11.401231626747750     
   6.2511454778668814     
   22.460703780287673     
   8.7710066056271749     
   7.0500703010799404     
   8.6643771774751315     
   8.0884355004310997     
   9.6768286192099922     
   36.358067570169290     
   25.768685594742138     
   6.3924776985537735     
   1.3670179433638985     
   5.5597628364309255     
   40.738993649289903     
   1.0495120824426498     
   7.1368857745959549     
   4.4708074039637511     
  0.56976699295271982     
   18.420475943042419     
   2.4283225082191824     
   7.7656498831408829     
  0.64402218578228743     
   3.4730714725177521     
   4.6664091183723242     
   2.7769563481892652     
   2.7374505629487844     
   18.594263527134995     
   1.1864391836621260     
   3.5812721780931112     
   1.9381523612376035     
   2.5424998707116773     
   2.3474172503971675     
   5.8937445737045842     
   9.0120683722417319     
  0.29027479795270839     
   19.343156197680340     
   1.6908627545807010E-002
   5.0209812196732715     
   5.2362901546127372     
  0.95389552499236774     
   1.3071195005744882     
   4.3899118813474223     
   14.208368557549736     
   24.471845477470694     
   8.5605169320313266     
   15.135187369612662     
   2.3580115358440104     
   7.3045813551606038     
   3.1152458356731061     
   13.421450834436030     
   8.9207369715061358     
   5.2702611446536727     
   19.354198727392916     
   11.528970110706124     
   11.445032814892940     
   30.941060517571287     
   4.8800410179666196     
  0.19311934450298029     
   6.2156551252998549     
   24.335573762849364     
   9.6866597764810631     
   2.8650624778961427     
   25.377674063906902     
   7.6067427354724284     
   2.6429232953335910     
   5.8447218514986439     
   15.097556906510643     
   3.0192667264958502     
  0.37712451737528985     
  0.32493210526077698     
   4.1200552931742864     
   4.7854833224583029     
   5.4326506493944954E-003
   1.4065696081906207     
   3.4861247310506749     
   19.946049980194591     
   1.2388438429501469     
   3.8905402185737321     
   27.759436479138383     
  0.86438469565937504     
   14.185009279121211     
   5.4438782362733598     
   10.060064813512215     
  0.81055247382537243     
   7.9249161389459557     
   2.3886326818761305     
   1.1775144569362064     
   36.003403458253537     
   26.362213128010591     
  0.98702663692122783     
   10.747265774032575     
   2.7669088371541428     
   5.8469890953953545     
   23.651317840387257     
   2.3074219753262830     
   2.0415060800171898     
   8.8885752909638089     
   2.4738695010273277     
   5.9983964002017354     
   10.362124920572453     
   29.444518538525905     
   5.6849463614166673     
   22.548693430812289     
   1.7510621030680817     
   13.690592141256484     
   2.3140216650469845     
   43.654337981439546     
   5.1201102799960871     
   13.832881345336229     
   9.1749105505462722     
   3.1171668350675494     
   1.0825316290757290     
   5.0296273722998421     
   2.1910551346806013     
   1.3280796714724200E-003
   2.6583505100180416     
   4.0528869392152691     
   4.4256077669174338     
   4.5270980408313894     
   4.8587600184000248     
  0.40696792867850951     
   3.0552396150897474     
   10.813030915193828     
   19.188381839694859     
   1.2306433888760318     
   1.4891692612471383     
   5.2483316917139096     
  0.76574315158268613     
   29.355313972954665     
   7.0760591186356150     
   1.4303054931032411     
   24.439442842608408     
   19.275353308684274     
   6.4341042054450570     
   35.014775674447748     
   2.5487797537960915     
   4.9305826558575809     
  0.32008623725327767     
   6.0478789902710064     
   2.0339616619365395     
   2.8242400870822184     
   3.5207140766951373     
   16.929710530435266     
   41.644987975937568     
   19.914909188266336     
   42.946840696538302     
   13.516185349922656     
   62.984458335506233     
  0.95047334025985852     
   22.600014979273730     
   2.0556544121794151     
   33.823863378311088     
   1.3881067568875771     
   3.7370766285021788     
   15.725321150317392     
   2.5864154902079903     
   3.8982935251594810     
   14.547886533702421     
   5.3562509332523209     
   16.619588872176788     
   8.8788432178004211     
   6.8202646058813485     
   7.4951200355725849     
  0.63307640391688558     
  0.32590008281529093     
   24.562818474135632     
   13.742648792640932     
   5.1661262211139922     
   45.792830773100135     
   7.4431319262368678     
   10.767651117072589     
   25.921661434705854     
   20.208888747377234     
   5.8625014149127130     
   5.5137864876581180     
   8.3683070553483745     
   2.3831000325978731     
   15.443081986022341     
   4.9023599822067201     
  0.19624082025702860     
   9.3783006486880094     
   6.0965109910818089     
   12.673049137139468     
   3.9646123688039192     
   52.668930297051737     
   3.3653847149596823     
   15.955712776431255     
   10.924119252383953     
   17.422300720459074     
   9.2377016751866474     
   3.5439716851020604     
   3.1795389229839750     
   9.5889546025214649     
   9.4043581710647235     
   8.7256311170140428     
   12.256235949520278     
   22.380229388940815     
   2.4018198664999568     
   8.0893295307982136     
   3.4070371278917069     
   11.834972403315460     
   9.1210429392919536     
   63.381125886081193     
   3.4715093296797246     
   7.3048981374445807     
   7.3823448721061338     
   39.073143742598319     
   3.2072483109266861     
   6.0922877800674602     
   19.406324005408290     
   3.5062647370635496     
   12.936576932611368     
   5.3736187728763785     
   21.031775997378894     
   5.2362458814027590     
  0.48580711542566368     
   40.864233280746632     
   10.673760384556381     
   24.287610739822341     
   7.5719448935424358     
   18.860656004167463     
   26.525972978767186     
   10.471060733958950     
   8.0859572592951885     
   14.567667942874120     
   1.8170414794272618     
   7.3119838132631489     
   2.9642083311942029     
   5.5733951622501143     
   1.2422446875799813     
   4.6257811125218655     
   4.1130130710388677     
   7.7228815874685424     
   26.257485914274937     
   5.4300970251566216     
   2.0498668320123286     
  0.44468202750722718     
   5.1365463422526215E-002
   1.1813935609279334     
   14.598824958313816     
   4.2568044682446669     
   8.3475191193793989     
  0.68377106709891766     
   16.512368670516395     
   2.3592671836195569     
   2.0607568177433024     
   28.715803682083529     
   8.3691328655512347     
   16.769665358684950     
   1.0474203723322753     
   4.1950956620682858     
   9.1046682622296196     
   27.450256264380076     
   2.3346478422074348     
   6.2113946183149684     
  0.66536110287146133     
   21.458392933710932     
  0.96524562804028657     
   6.0833911070990707     
   12.926949750546623     
   38.013738317906409     
   7.6279005606118471     
   17.790724985225850     
  0.71507275817523042     
   19.840200482690761     
   15.327281960597674     
   9.2534356930523369     
   15.569091216493550     
   3.7288172324507158     
   2.7074411857853353     
   5.5683177883751602     
   2.5994581219281629     
   2.6655190204043357     
   8.3671235129716344     
   4.3086493544716049     
   4.2478895294423387     
   14.825269785681350     
   13.965578418141719     
   1.7169270446023717     
   7.1464985097257046     
   3.1666504665832056     
   18.724432514866240     
   34.419577468788376     
   1.5653165796106188     
   3.0366878557746837     
   10.929992470678132     
   1.4227244387756737     
   20.046994409685354     
  0.91437449979390195     
   9.7489975424979889     
   22.506684091604384     
   13.432781204460344     
   8.3416315616724610     
   14.663218895924288     
   5.2018605855335531     
   14.014025383122139     
   2.9598223690239926     
   28.759531776952201     
   12.681214546414166     
   2.1033499724957396     
  0.80265951985377404     
   3.7500283456522894     
   14.488623721887953     
  0.95587856788374248     
   1.6718411794040184     
   7.8632474069031169     
   1.5777791457527079     
   1.7710903039102273     
   36.143958048550317     
   4.0992883399280746     
   2.6982064036178484     
   8.7567685074382915     
   7.7875988903674482     
  0.11631881979247452     
   4.5788482410422162     
   7.9876776522972568     
   17.035996935587033     
   11.169099302492180     
   2.7975074608988759     
   4.7653699497829036     
  0.33382230011972547     
   15.900409314289279     
   14.438474496066679     
   2.8814216719108128     
   7.9923582667146666     
   4.4263723516499400     
   2.0938655438185574     
   1.6526884028234572     
   3.3517346072120140     
   5.1193663550677160     
   129.46652879324751     
   32.667464738338808     
   1.6004675420386474     
   11.739935293808685     
   6.0983051895087375     
   4.4319674760553722     
   2.6246149629090922     
   16.026100789422955     
   8.4652981180445792     
   6.3094362367400736     
   1.9384070449580602     
   8.6246146810711757     
   5.1656746036339207     
   7.6966873164657068     
   8.3166809016568504     
   7.6553298021682048     
   3.5761536827712126     
   1.7459222025326859     
   6.8208210666026750     
   68.582885074768100     
   4.2253822378518411     
   8.3671597576061005E-002
  0.44312676677235707     
   7.0480680184710840     
   24.464271795514506     
   6.4418428001984163     
   16.245284202787357     
   29.384450160182205     
   1.1296219821134965     
   2.8919415307833511     
   16.065605291277524     
   24.878760274792803     
   8.4664933377232092     
   3.9900816630247702     
   13.979182832659038     
   16.557865538558158     
   18.505558411130988     
   15.366387095806701     
   14.615025981895016     
   10.961878903443170     
  0.72566519236590310     
   5.5608312855655528     
  0.15119069411515068     
   2.2130441371578788     
   10.508849460427445     
   16.169846087208303     
   20.744795077235896     
   11.259420245242387     
   12.271369119401466     
   4.4167562029033567     
   16.277625075353221     
   10.145711263166611     
   6.7499429264291813     
   8.2772816556193192     
   10.609521785090173     
   10.818163999298555     
   15.002219806349959     
   11.625421693812537     
   9.6383254102249722     
   4.1268395148622625     
   26.678124073453624     
   7.5530765178086074     
   33.370063265559878     
   9.8230535819517772     
   11.132502771580059     
  0.82979664175180634     
   4.2402211639882408     
   4.2153467783891525     
   29.825407049721882     
   6.7840434522658466     
   11.858233503161832     
   8.0975776518726263     
   6.1517697261243711     
  0.59186353460701790     
   21.321886897382370     
  0.73321280287205881     
   2.4838528832534537     
   7.8891999940866828     
   46.919419593385527     
   23.280511961031216     
   8.2884821816647563     
   20.723712582300298     
   2.4832018878491597     
   11.794728680152602     
   18.693265251002657     
   23.023238203660163     
   19.985464658173054     
   1.2122599809158698     
   15.737978543101669     
   10.250275437364289     
   20.888854090104335     
   20.758659410331830     
   9.1638765372333051     
   19.221736681196020     
   4.0125777719786546     
  0.99406842264045303     
   4.7455651944277015     
   4.1928871482567329     
   1.7454906846970215     
   21.737481968631581     
   2.1993963487024084     
   2.9441249829012954     
   3.6612018658934957     
   12.084022445015357     
   2.0754869646911849     
  0.79337118456734990     
   22.804477748602210     
   11.372426990945872     
   32.730314238636595     
   1.7479863644725246     
   5.1895864007047852     
   6.5850866258035499     
   3.8302572678487747     
  0.69876790192467975     
   3.9599598866314341     
   13.252084917192960     
   8.7468779237082845     
   9.4837530300181978     
   6.4363275872633228     
   27.036192478364352     
   8.1730578266118687     
   11.877051873220543     
   2.3135709331935979     
   4.8766935829171523     
   8.2832788176517660     
  0.60505121644090210     
   14.227231836034541     
   8.3093282278513705     
   1.6789677246478321     
   11.243364444592771     
   29.446194783198123     
   8.7106370462686353     
   1.8642820217103626     
   8.3838051132049056     
   6.5632640534957627     
   3.7217061130425759     
   2.1597803697152765E-002
   3.0339103184118690     
   2.4744618715998747     
   2.5718110126195826     
   4.3910509948446714     
   46.942067890777992     
   2.8528137925429427     
   6.0882898719020959     
   2.3015438992992348     
   4.1183563575245863     
   6.7073705725278865     
  0.55590232745047441     
   16.800078203283061     
   10.220602455143670     
   31.492483255967802     
   2.7874109346738547     
   7.8630275798651148     
   38.127616795119749     
   15.275107603630254     
   9.5604211482996924     
   2.2398110880809838     
   10.740033237917643     
  0.96258868039540435     
   5.0920307187328291     
   5.5925292109752034     
   7.2351025836148857     
   17.387224957756501     
   3.0295130521362652     
   14.454893151100309     
   14.110631990350770     
  0.47839135674946687     
   1.1048867441203167     
  0.76375113200798128     
   18.605137121913767     
   30.986674659502285     
   18.936238933607246     
   1.2912478647043386     
   26.603276319304420     
   14.638433817837672     
   15.064776932064348     
  0.70692212460361115     
   1.1040054242273845     
   13.749888052365769     
   6.4963136889483675     
   13.583351957698060     
   1.2597936024098300     
   5.0017453437241297     
   17.258138384056423     
   21.397997662210301     
   1.9896258793280541     
   3.7087875478026340     
  0.26328577632377437     
   13.189159004100791     
   4.9119522119515180     
   22.152993338660920     
   9.9848234638699629E-002
   40.731428080670796     
   21.345842379845209     
   18.354296111021593     
   7.5568473459053065     
   28.552842527894363     
   27.771040585153198     
   3.5247459991306740     
   8.7389736366071862     
  0.77238608417179577     
   3.3546051866103306     
   18.918483235884903     
   9.8651210264546929     
  0.94963436261654754     
   9.5237282668163754     
   6.0049182297690997     
   10.840823220230622     
   11.217981943708565     
  0.72465773655115295     
   19.188869158047041     
   2.6988215823251145     
   4.6492393193181041     
   1.4116230835917907     
   11.065475036906186     
   29.387647717455852     
   4.9518998553363982     
   22.124411979110370     
   14.236612486263144     
   4.4651569766582675     
   40.067966489722380     
   2.9624768005295992     
   3.0294549514290177     
   11.764831578636732     
   4.7072563054861565     
   2.3124321745504588     
   20.320045119385473     
  0.69986991919269259     
  0.58359024870525034     
   14.665161371781185     
   1.7394967839924791     
   5.4410021606012400     
   17.660498732261033     
   21.528592918864614     
   18.449384990128827     
   23.782787415056553     
   17.481340958371302     
   26.336351589096388     
   36.444810987309594     
   13.930587115828475     
   8.6541299799632068     
   3.7386877459784755     
   10.701953344026379     
   2.0476457825705090     
   1.6046517096506351E-002
   29.943370681067009     
   6.5323349637787569     
   3.6191916577181065     
   10.188091286563672     
   3.0265955226691776     
   1.5200804416447462     
   1.0641981395313962     
   12.641196699806436     
   2.6003764746513918     
   5.5152349269466274     
   34.049174233962120     
   18.974913510342752     
   21.901509795481836     
   3.5955741960911651     
   33.275661218573362     
   32.792991373598277     
   1.4940930198931319     
   7.6541251863866400     
   4.4352547254020340     
   14.888406269274592     
   14.625446716085253     
   12.946770294241540     
   1.1899887477769469     
   9.1627142015572023     
  0.74502137398000312     
   10.589627799468218     
  0.81314087879409847     
   8.2202404755899519     
   10.032939593164706     
   4.8739683091306185     
   13.972855586516776     
   2.0003747080844021     
   1.1621550043375553     
   8.7711500327064332E-002
   14.950742343933257     
   4.1026512774425452     
   46.535286672992243     
   20.199880442406037     
   5.6962764280735225     
   11.245236048875036     
   34.329834893206097     
   3.4880879074764266     
   2.1262614335012149     
   2.7963280088444424     
   21.099427510433088     
   2.7291715399896725     
   2.9546950282005131     
   7.6290969083782754     
   14.737414020668842     
  0.77214140179590740     
   23.510561848043498     
   17.298826159260571     
  0.31836809397608656     
   10.689586142210539     
  0.53835002048248370     
   21.326069937628702     
   23.540889205991590     
   11.218025865805409     
   1.0029784493540483     
   26.520696326477605     
  0.21317307437410890     
   6.7050022012755566     
  0.18550936203570387     
   24.553508844945217     
   5.2189862214426093     
   18.789619461300518     
   14.083053118090996     
   12.997342533614255     
   4.2147725893492458     
   3.8274636167261598     
   20.051190158232146     
  0.36233750196795445     
  0.87184787354593718     
   2.9770759381478999     
   6.8467212904315442     
   39.327897852667753     
   14.672738566752020     
   1.0100051051884629     
   9.3782336562554143     
   5.3145082343582972     
   10.830698385162492     
   24.399948244725458     
  0.83648227548144927     
   11.508661935573070     
   22.707357275015504     
   24.030287037425644     
   25.020743543273248     
   2.9784567398050008     
   2.4620050545821788     
   20.335336254600463     
   5.6845169980109924     
   6.6612046638520628     
   3.3445001358917685     
   12.094844675970119     
   9.5955996584836569     
   22.131538763151180     
  0.70007192624785963     
   4.6795647073425126     
   1.0757883658750473     
   2.4852833882241470     
   5.4331464732322079     
   1.7942078078053878     
   6.5887767366938661     
   7.4502710649334389     
   4.4510188146582008     
   14.469322152550124     
   6.3113407575179901     
   20.876346511768649     
   3.1482732198969314     
   3.9061973135070946     
   14.229002403179518     
   3.2985365818077055     
   3.2932724118536791     
   25.364561640344732     
   15.514394525312870     
   21.271226256715533     
   29.762967099337892     
   1.7534057522086832     
  0.51484750284733516     
   5.2233747175449086     
   2.5164752044514991     
   2.8224725492846385     
  0.61768821075153590     
   13.383545092447438     
   24.783118509483657     
   1.6487823971847491     
   12.612491441431786     
   8.6326268953230709     
  0.85897152692258305     
   5.2460793455272414     
   17.796616750700572     
   13.464530719433302     
   6.3537282985775247     
   11.955872760804482     
   5.8756047893624173     
   11.039065347609100     
   2.8910310269430068     
   10.531713089140407     
   2.4690951763021007     
   1.9930416658228223     
  0.16393066934594286     
   3.2142493215932024     
   49.728773762751636     
   10.354621631233973     
   6.3317620752754440     
   1.2401527613145076     
   3.0508135535392396     
   1.9746991476104130     
   13.246533026380442     
   1.0901754182582031     
   24.860182980186160     
   36.165492114800998     
   3.6808021942400888     
   7.3677299055162333     
   2.5950314226772884     
   6.8568162138360851     
   7.5783931863922396     
   26.795053351957009     
  0.96704183049498893     
   2.1530865707046822     
   10.277770906491545     
   5.6627866799250226     
   15.072803098225853     
  0.57636683665429711     
   3.7518393170213411     
   19.444347117880167     
   6.1410354215879428     
   3.5614640746948396     
   21.416877702536723     
   24.195477688836249     
   17.257468797097584     
   11.448605440529889     
   20.167241692137132     
   1.5719713928116268     
   17.321927511189205     
   23.890136847356729     
   6.2391960557960227     
   1.4776429248671576     
   12.284081764903975     
   9.5735908286631570     
   12.132939319620011     
   11.463613918412625     
   21.954811124742825     
   3.5758945881229005     
   19.281893236486447     
  0.78337205053215786     
   4.5684744952540530     
   7.2487963577937888     
   39.362401456127770     
   23.652942337811943     
   6.1725569179660686     
   25.911824757754211     
   9.9305798132615326     
   39.171272000327178     
   8.5432188435999628     
   5.3940134930053070     
   21.657235371831092     
   15.754223237072205     
   3.4747013546383645     
   3.6860434858818469     
   9.5897881032811174     
   1.5831098409510349     
   16.676602108121127     
   12.740997605690222     
   4.7013257432637330     
   39.356662925400400     
   12.620632800107547     
   6.0754477662571604     
   6.0814769468850258     
   36.182184089661000     
  0.63481137656239572     
   14.645289484675430     
   5.8450426566768954     
  0.86490459723172652     
   8.1541316097239545     
   10.095517783416646     
   17.724992931270254     
   4.4915953372850463     
   4.7149399710488558     
   3.1820261847919156     
   10.774035320307087     
   8.6942604947131681     
   10.276498271832921     
   11.001121120293089     
  0.68135375134652831     
  0.12523543053179437     
   1.8890963977227582     
   1.4919145319682730     
   4.8014860489546525     
   10.596229508312693     
   25.439670392636117     
   13.580829803059922     
  0.28541379946779388     
   24.842440656954267     
   6.7212844199817692     
   1.6457264051842592E-002
   10.180836186302969     
   19.469993612637968     
   9.5934712666623376     
   7.3352269689954657     
  0.41009230237007505     
   3.5823159770583786     
   5.1673772680680550     
   2.7907164797163224     
   13.746116950650292     
   20.900124301819019     
   2.4542281782780395     
   10.388218626397252     
   6.6607869624073590     
   25.812159208945783     
  0.15821262728998181     
   16.980523997796581     
   10.606732452993150     
  0.37525297545199165     
   2.8256723381754004E-002
   5.5513522672078270     
   20.714247509602334     
   2.4703038051812563     
   14.635023199447140     
   6.0700652956520340     
   7.4970574490509332     
   9.1890040681302221     
   12.880854022191953     
   10.802604103574481     
   23.510211490678952     
   14.593498841281182     
   3.1249750994220280     
   12.254571236519043     
  0.75567645145353302     
   3.0877671369561979     
   20.422742888884766     
   8.5401828508182138     
   2.8177248264902799     
  0.42271397529115307     
   10.569615513463441     
   5.1237033810420662     
   4.5563289732682835     
   8.6764571838691822     
  0.92217575709356758     
   8.7770435827241027     
   12.927383990544190     
   1.9605226819386821     
   1.7923251794109891     
   18.242664722460916     
   5.6157165886960634     
   14.666246429453064     
   8.6072054564464064     
  0.40685866777389768     
  0.87405668995843633     
   10.724636153347992     
   2.8065377157037670     
   18.784048756509129     
   3.9580824984907998     
   9.3847218244102102     
   11.458348640547582     
  0.77781699821112715     
   13.109709887521309     
   7.7537304459266796     
   18.421032545361491     
   4.5452836440203690     
   16.378456011473300     
   13.757236357138851     
   9.1938159375805153     
   29.566757525810555     
   1.9849201734420623     
   17.523004025839040     
   1.0021166068000256     
   9.6167588349148687     
   6.9029547280590844     
   6.9899549024133947     
   7.0192314098386639     
   26.390845097026517     
   7.6190448817829424     
   21.830809914784702     
   31.169356636398668     
   8.5331397611526167     
   2.3118343030629069     
  0.71296534649275445     
   8.3217701679892802     
   2.9811610944426690     
   8.9241642744588567     
   14.553372336388900     
   8.3273225583317654     
   3.8088475626394040     
   7.0775105690725812     
   4.0422657563208348     
   5.9503980170452095     
   2.9842421234407626     
   5.6954546718451482     
   22.408879945848568     
   4.1719866443974603     
  0.36442916632229627     
   6.3878702341089690     
  0.42986951808162965     
   1.9417966924975683     
   3.1386159068175252     
   6.3010114043520922     
   10.106365564335281     
   6.3291532529059591     
   15.599155490998500     
   29.371625174455552     
   32.519438016449385     
   8.9461233731895007     
   20.466669777623242     
   1.4122326377772279     
   8.2480458904891716     
   1.6104781945887889     
  0.20807188629542619     
   1.0082539117878855     
   29.024864136553354     
   7.4336711353896838     
   1.0874239379244959     
   14.659582934156861     
   55.588817609701529     
   2.8106358874966206     
  0.50588777298181697     
   1.0539352393032229     
   2.2267105772846278     
  0.50010622313479425     
   19.606976640690256     
   2.8066229456264780     
   30.951535994597506     
   2.0116744472190615     
   10.450423062863756     
   4.6117015514185642     
   5.5816993093867104     
   1.1148902415162389     
   1.2859891223988837     
   1.7219472678826355     
   9.5465379213437433     
   2.5458699738699595     
   9.1603184281191616     
   6.1591206626187267     
   13.307665756196752     
   4.1418394663050471     
   9.2466955215871973     
   3.4928977977579789     
   22.526827458413994     
   3.6017142940438571     
   1.8346557106675192     
   2.0344058093736921     
   19.365980960720485     
   7.7085389148440466     
   15.245704865575080     
   20.785683573424354     
   3.4494730351992402     
   3.7910358650717004     
  0.34873999347373985     
  0.27491219941782230     
   13.981460077588499     
   14.018760963055275     
   2.4356655733436998     
   2.4206871840389628     
   6.3617787702440403     
   19.627271920994236     
  0.42833149034283091     
   12.028506416242315     
   2.7771924004512472     
   7.7639032972066175     
   12.429310371800224     
   8.1148135340083289     
   4.1283813704813461     
   10.305836651830369     
   3.3774725336386151     
   3.5537021532824342     
   13.496583617590165     
   6.2033800221850584     
   17.348784541399375     
   21.518724540878381     
   24.725361240520009     
   42.228521052344036     
   10.952029991786103     
   7.6919115042166828     
   18.492943747946548     
   6.0023585237432258     
   3.5603952193017867     
   9.7739810390563413     
   12.570375189722977     
   6.6147704425309275     
   1.0676435549946546     
   25.333522154403731     
   10.646151357121568     
   26.854384363396843     
   24.406460549928500     
  0.34346309437108002     
   6.1344550627958316     
   3.7919519976621552     
  0.94013261157234829     
  0.85217997597390371     
   26.749729636895726     
   19.105864885572405     
   11.179259245934043     
   17.832366647369184     
   19.703102588717705     
   20.905214508487191     
   3.2285821610832350     
   5.9586968642239846     
   29.790456433513167     
   7.1837705874756281     
   20.179627925465123     
   24.775816677876996     
   1.2882371065103029     
   6.5695855367491838     
   17.226716162900704     
   6.3257955643287547     
   15.698152146636438     
   13.453319955927313     
   8.3150817962762318     
   4.5405145112587126     
   12.612785997571471     
   12.750600927847000     
   21.734485167641793     
   9.7983919355906455     
   1.4601410150169833     
   3.6911530291508949     
   8.1378069478422841     
   6.6570191557644831     
   11.159109771737285     
   13.836789945018431     
   2.8706237619750978     
   27.719785568660399     
   25.512106444728914     
   3.1650765675198951     
   24.952231250869616     
   15.871292080003837     
   14.666101748294167     
   7.4104284078069105     
   7.0684569606494874     
   17.762980082141869     
   2.1081912329601953     
   10.982814184239135     
   16.956247878325765     
   1.9527956283290244     
   6.6754726782443408     
   9.0394187121212628     
   11.066383480238692     
   6.0636713608377670     
   11.038511692496547     
   28.226813089003194     
   22.020659229170487     
   8.6187480267337051     
   2.7012420689609322     
   6.4648351721176240     
  0.71675798280583147     
   6.8901297693817130     
   11.624979467952469     
   4.8482584341594954     
   1.9356926818805766     
   17.038158334452788     
   4.0741703744181814     
   2.0333831310425361     
   6.0660281565422549     
   17.509371695320652     
   1.2551108797590813     
   6.0903587651786903     
   1.0071121089749360     
   2.3904614293678348     
   7.5604367897298310     
   14.929244930956067     
   2.5365434702789988     
   5.8675332065981305     
   1.3442224865209293     
   35.341883232584344     
   7.6167313313383724     
  0.74128476361734452     
   17.213641545004947     
   7.7295725849710397     
   1.2794405804215694     
   6.5378117100867978     
  0.96957386840503423     
  0.61896648560976220     
   14.124611528113583     
   14.836385065290795     
   44.927403338362566     
   26.842608700616072     
   8.1969595458657789     
   5.3585771262158310     
   1.0150019117157800     
   2.1862092021495823     
   6.0652935112837527     
   1.6941454634203534     
   2.5275449109767720     
   12.151350037880185     
   20.387062208375106     
   15.198464623154191     
   7.8814732122739128     
  0.90644097178879690     
   6.0299239219515002     
   11.596710010079752     
   7.0895269907000849     
   3.2825736066812210     
   37.805256620248940     
   9.7424645471653761     
   13.938915058573233     
  0.53808835405985644     
   6.2910773442100076     
   13.586616867093364     
   7.4909790639284957     
   14.867537886051533     
   18.788261608578630     
   5.2741146563249073     
   11.281246313604061     
   8.9384855301647512     
   9.7137800404564683     
   7.5075027378202979     
   22.322462217451342     
   17.629581341636836     
   42.621671701343196     
   1.7786525332148171     
   9.5604769680168893     
   2.6816108676233030     
   3.0946264871003812     
   4.0596006834169893     
   21.261808356211077     
  0.65018525237124325     
   8.0212329641253122E-003
   6.5237248940457047     
   14.706559565400234     
   1.9687259790677274     
   6.7444096329017391     
   17.423008665784209     
   16.527096360235035     
   30.915628180641480     
   5.9005468826239991     
   27.264330765684292     
   29.211424032844704     
   8.5453031212624264     
   24.064879736692543     
   1.8072704546942873     
   17.145040509708863     
   19.061114745793191     
   7.3246376165069558     
   6.7346051556431039     
   5.5242820727132642     
   12.857842470432598     
   40.168865683409713     
   3.9542048597223434     
   2.4880930309731686     
   1.0923771477415540     
   2.6879912270608362     
   6.2739352285117160     
   4.5907494847616794     
   2.2325477976701564     
   22.678830138188204     
   31.308169086656761     
   18.067263003798651     
   5.9713681550596664     
   11.319353575844016     
   3.2777479859177694     
   1.4526145109019450     
   4.6537720168859833     
   24.621068006918208     
   1.2790449863638822     
   22.569787244632099     
   20.981763570269894     
   1.2837741727812872     
   21.615447177273634     
   12.887702946607840     
   17.860987748641914     
   27.199230789382909     
   14.246517233130058     
   4.6171630211510646     
   2.3655387271577237     
   7.1069138893571129     
   10.465376204791516     
   2.2228537435007514     
   19.628731648638809     
   4.8857559931633441     
   24.518017333961616     
   3.2574516123305033     
   7.5352262640348568     
   19.284336562406303     
   11.144267692416372     
   8.4757820045497230     
  0.20295383453811097     
   11.071006283723142     
  0.23489257523018220     
   2.0657768209345759     
   16.442891990913257     
   13.275411397294963     
   46.095676964091481     
   11.118055224460580     
   1.0065504847575522     
   4.4544537745823991     
   6.2484685280147527     
   6.6069476925232493     
   3.7761978509352412     
   30.911955298017002     
   1.8142398000022510     
   8.9198701489078189     
   16.684704806788229     
   3.4383066254490102     
  0.13995859356346571     
   8.9988844082962469     
  0.22206680680433744     
   1.2395374134038919     
   4.3396429366193452     
   1.6690742464329267     
   9.3823271088595899     
   1.1393189454487025     
   16.186447372361130     
   5.2462687003610844     
  0.20488587725345797     
   19.056304463240650     
   3.8034124860290612     
   3.0592661853284993     
   10.273154213500566     
   10.698498715189107     
   2.1117567231166876     
   7.3110575871706986     
   7.1294950268039035     
   3.2208669875156355     
  0.59137281266641262     
   1.0825900781714817     
   6.5840595338339316     
   5.5011815117387917     
   4.3654854766570441     
   2.9773488721937258     
   18.076735067731416     
  0.61449323829240554     
   11.660610769047556     
  0.78991576085325210     
   7.6163687704019249     
   15.466385868321384     
   13.392457595004053     
   18.385082566259616     
   14.885638202603564     
   12.676826080722449     
   1.2281683889240593     
   6.1371985548909302     
   16.747549347672933     
   1.5291913233077254     
   2.8631162827253576     
   6.2779455303071741     
   34.569247377216080     
   1.4404941071773081     
   13.705094522713710     
   5.1175286601206995     
   1.6220634147818722     
   8.8484964455931880     
   6.3724822416464715     
   4.7575054943537785     
   17.309925917618227     
   4.1694467881787425     
   2.5482291068088143     
   11.253343038072073     
   4.9529639747942005     
   39.959255598727566     
   24.776895990299224     
   3.2253887264941787     
   8.2576346468025665     
   2.3054011845957061     
   6.6492884617665213     
   50.217123103702335     
   2.1093187443421160     
   2.2465185127471208     
   10.989494693779864     
   8.1691768940058314     
   16.898526819020862     
   3.9202415885959923     
   12.704723059029826     
   3.4577911780187782     
   2.4098291213926739     
   1.4489291695464965     
  0.15430394983106627     
   4.3001279058671162     
  0.35487190028753091     
   38.139065487871221     
   2.3648772666980937     
   9.9306248657428462     
   9.1481143199850110E-002
  0.54953763008912215     
   11.719148405018556     
   10.292407848004011     
   2.5936871079906658     
   14.116998131691682     
   10.660929459994982     
   6.7208361875582412     
   9.6468236940394316     
   15.287075486298656     
   38.640208866703027     
   4.0369986618443390     
   7.7227732053783189     
   18.399347978809356     
   8.7738956442107749     
   7.4351102436865713     
   2.9140482633730471     
   8.9400650939927591     
   12.283161549605522     
   1.7429417026438925     
   3.3670004767865516     
   13.364210464418838     
   4.8297728642879685     
  0.28133738853659956     
   2.9616047356525499     
   1.9113715572241639     
  0.99190402647483367     
  0.86861487960545514     
   3.2079021884287191     
   2.9369491013604438     
   3.8003718064555980     
   14.775372012176831     
   10.883846375651220     
  0.78639189085429573     
  0.59813880352349480     
   17.001856476880310     
   2.3818867699106421     
   1.9687521057254096     
   7.4950090492930102     
   36.212799173691145     
   5.8468992514222471     
   17.189192566713910     
   1.9978065125799447     
   8.5669672141390247     
   4.8635476891733909     
   46.819805579334002     
   4.4324651370488057     
   14.473112584289190     
   33.305274504294843     
   13.633826570770891     
   20.648373242975339     
   2.4972275302173368     
  0.70814787901028076     
  0.22630446693816952     
  0.85712449565639304     
   8.2545807021956765     
   31.639046028208266     
   13.089431667016882     
   4.1883157328636784     
   1.1112739745648856     
   11.431607563229713     
   14.467650359893101     
   16.297556803651535     
   2.3581594284721543     
   12.536884607181202     
   5.9089809446839947     
   15.444187804471534     
   15.306403779307962     
  0.15472041522636304     
  0.39026239724376571     
   3.2987454819831061     
   7.6685542299897316     
   10.017521593806759     
   20.860436404343538     
   30.000914696153004     
   3.6963031387433616     
   7.7081523961023475     
   6.5683531086204869     
   13.710305880963228     
   9.7711618935555080     
   26.927479204646957     
   2.9648336798463237     
   2.3146166622028934     
   15.200524814541264     
   3.6230682506113956     
   1.9358460324383633     
  0.32847442306244290     
   1.0797317862099081     
   1.8504160332410378     
   2.3916151656349971     
  0.60688520037081883     
   10.740975405245162     
   9.9914567294450389     
   14.674320888600619     
   12.269205835365224     
   3.4440245304164807     
   17.670932807434664     
   21.467793874293363     
   27.642616721484245     
   15.109940621836198     
   19.470695351781767     
   15.315938586206453     
   6.6142068522202813     
   9.4910491342531564     
   2.5579975938457027     
   5.0127990892563803     
  0.84335395886820252     
   3.6070476548541803     
   5.4206631705389610     
   34.595296157657877     
   7.2357514340929274     
   4.3478777390067860     
   1.2145264467865933     
   1.8447574612212407     
   3.6993675567677609     
   1.0244932193020519     
   9.1968178039028032     
   32.566494311364394     
   10.320206934771202     
   22.696900946542002     
   1.0257955115892634     
   8.6603235183119427     
   11.728627352417881     
   8.6095004978419407     
   11.158032779919926     
   1.6997024701307650     
   1.1112846322364773     
   12.032325502748959     
   1.8262124616654378     
   4.5675220363187128     
   7.0145615992610599     
  0.37430743534367877     
   6.4290648578318565     
   7.2883152100002988     
  0.91354115742567976     
   4.2207741297187109     
   27.166207784197809     
   1.0360665804057554     
   1.6182786665430000     
   1.9293148032128602     
   41.724172515888455     
   25.459417934409178     
   4.2613123820822434     
   7.2805204036730800     
   14.469048567352889     
   4.4367371269026057     
   4.6827592032418677     
   6.1895791097547548     
   4.1819134647856266     
  0.26501896300969946     
   8.3927082074249633     
   30.016779536818049     
   9.9925576002997509     
   5.9589261641216531     
   1.7421498906043318     
   1.8320524027907557     
   7.7734277074015656     
  0.73491648354484351     
   21.098051110189459     
   31.621684814876080     
   6.8856432555531555     
   23.154862932346134     
   18.815312917043570     
   4.2429612733765589     
   4.4323574321964978     
   10.520189403346350     
   6.1369387055550835     
   8.5487050127356667     
   4.1663578610535854     
   16.211781026829108     
   17.898853491083962     
   8.7303506326408051     
  0.23490966120497672     
   2.3994980485849156     
   6.5825444203437371     
   1.1051343796998105     
   5.8994802223792213     
   28.147835191263088     
   33.679471631974309     
   17.640289291017076     
  0.74945318562167551     
   8.2907653091441915     
   8.0291106035084034     
  0.83532622229756792     
   22.553513551726940     
  0.13039597563561148     
   13.353492184556071     
   10.457957899971660     
   17.218109006954130     
   21.535964650559414     
   3.2916420094853214     
   29.443567281393591     
   4.3222532455345730     
   2.2112178036244421     
   2.1121896148171171     
   1.1318003760317914     
   7.3546284996714810     
   11.503922761464384     
   4.6894904025656157     
   7.8419623207733764     
   17.954795109621109     
   2.7097637194518045     
   5.1609118806408683     
   14.325171470235743     
  0.49065635171591854     
   13.695749052099956     
   5.2977083638332321     
  0.52001974879195412     
   10.917397016881003     
  0.33308525682894463     
   9.1252699537766109     
   19.081166463128113     
   7.4221707268473818     
   23.766701772261044     
   3.7832329819963730     
  0.55752060420100769     
   4.8639509661087574     
   5.2055754731688317     
   6.2482547592582058     
   3.4681058505761584     
   6.4240144511305086     
  0.56191799307012524     
   4.6777908511610535     
   2.6423146509056519     
   10.747726711341690     
   7.0777331434354114     
   7.3371535111413060     
   9.0299269837170790     
   2.2945355535009440     
   37.733811378937339     
   20.720039070362681     
   5.8517177387586816     
   4.0188689422119683     
   1.8904903828520006     
  0.80481692881141020     
   10.762005334171924     
   11.796605552668058     
   16.864581308125000     
   15.022171981256092     
   1.7418292103762691     
   12.547430865866783     
   6.9177340309736612     
   29.701704739223736     
   22.397051643018070     
   2.5480199304254358     
   5.1368492911667660     
   8.9991072236503449     
   1.9146971923587408     
   12.392508630556991     
   11.271019071361870     
  0.27000477338918732     
   12.959204251338978     
   17.987125064104031     
   2.7841820720795813     
   5.7403073795340287     
   5.9609554810514540     
  0.41169212112694026     
   21.481288753494063     
   8.8368646206513244     
   5.0534646460162493     
   5.0358308819183195     
   6.9379636660793054     
   30.941323586161179     
   5.2031802957688189     
  0.77280849730993750     
   28.572004150798698     
   15.404010139520771     
   4.1840000017395722     
   4.0545747874273683     
   2.8798920274134292     
   9.7088624942569481     
   5.0664591281564935     
   8.3628419111909444     
   2.6555175030109579     
   11.553088661615629     
   6.2471013775216395     
   2.9412226576448210     
   11.116888437309132     
   6.0257505100962883     
   18.780180737027226     
   4.0120792074881662     
   7.6135402251539128     
   8.4042487876453151     
   3.9532418802631550     
   1.4323192743061171     
   18.672803171665244     
   8.9508197523675399     
   1.0330523580126447     
   8.6791600185686839     
   52.516227570579701     
   30.313405162469770     
  0.50957005065762606     
   40.074390486849296     
   6.0008334416802098     
   22.499601641866953     
   6.6579424154843618     
   6.3579418311016189     
   5.9208824850831787     
   19.510222517657777     
   2.7880788880963250     
   5.0057012593047325     
   19.193353601490660     
   4.1446321355304470     
   12.169070120781306     
   12.025585521665841     
   14.530315459203475     
   7.2289848141543933     
   17.999593093875301     
   12.455397634497755     
   2.1331645977254929     
   9.6813851570732581     
   21.568493836664047     
   9.5874246252255819     
   9.8154158348176175     
   19.931377234021781     
   14.216516211254120     
   2.4607913294845440     
   3.2112774019380841     
   4.6451070165098782     
   14.680114529621090     
   30.270557850555551     
   8.3272732145357189     
   3.2970942949151127     
   7.7225099966209871     
   10.153105436053488     
   55.872488968188570     
  0.54453136459810381     
   12.921019919459866     
   2.7590515107048121     
   5.5381606005341188     
   1.5205911644647576     
   18.315354130925048     
  0.71015956779908473     
   1.8854942493521778     
   1.3265548588526692     
   45.014713972188076     
   8.3904678971712503     
   3.9048654891030026     
   2.7584514647429961     
   10.744025844668208     
   4.8444030034705872     
   2.0630745562620829     
   1.2231286163887152     
   33.694427079997887     
   11.800888001984154     
  0.28252187819767177     
   2.1265651904885705     
   10.624514854897795     
   4.7490223504492421     
   32.180426606933452     
   1.7672117556337934     
   7.1633113417569172     
  0.89334015047469273     
   3.9929282303982712     
   33.469225820970784     
   7.3960770685224553     
   2.6301027691984225E-003
   5.5006566490553546     
   18.581857574052499     
   19.593435470932384     
  0.40152123649073868     
   6.3442138688795993     
   2.5112085113194094     
   4.4463650797846421     
   13.962129637318979     
   12.813986789748089     
   8.1990540729067725     
   33.842622407640370     
   2.2502889383558107     
   12.993311458429961     
   6.8797782167569190     
   29.951039995849090     
   1.3200531637332904     
   5.3907061759757759     
   10.365774480834233     
   1.2994384579217810     
  0.24516162647256345     
  0.34008566236900289     
   35.732587209122705     
   3.9699655779146550     
  0.46953668158021378     
   24.135678231005969     
   19.139963520536629     
   1.5308277737586715     
   9.4002251739695009     
   20.289224536204408     
   3.1037958718810321     
   10.160913405186687     
   13.724865118897879     
   17.974269732302194     
   10.931792100727421     
   1.6162186834724195     
   2.6054150006133709     
   30.348599124255365     
   22.922021708519335     
   14.292404956466083     
   21.239189670888354     
   7.3454150368238791     
   3.0023297717522146     
   35.342373440677775     
   8.1385332379018713     
  0.25891252902501133     
   8.4891293981519436     
   9.7870925854340722     
   3.1334326715892022E-002
   8.7499658931184658     
   15.083550599766525     
  0.58377475533011758     
  0.64491474311347741     
   11.931723274208764     
   1.6323792175440655     
   3.8799564395989714     
   20.982502096870789     
   3.1751459442756191     
   2.8190964402813834     
   15.008527450675395     
  0.52180052428294177     
   7.0206650126244261     
   1.3126014181979053     
   5.7241084823381838     
   1.1066735856483387     
   14.392355563544834     
   24.244292412425690     
   1.0596723654095799     
   20.956298360560485     
   19.761142271343410     
   5.7510520287313263     
   9.5720383624432568     
   12.148272535004383     
   4.0585953021217076     
   14.063788198138198     
   16.046557214076049     
   6.6721174928016946     
   12.135707192575467     
  0.65673146922522674     
   3.6860641670292233     
   10.216714073505999     
   9.2349996946184643     
   6.7875257121608001     
   10.879988641749499     
   22.107258793511807     
   9.2383382479750562     
   12.790862833895169     
   14.135042872454886     
  0.42641799643522782     
   9.6555420931351428     
   4.5207037904911491     
   8.0282006561064616     
   5.0333379730871002     
   34.886090351739746     
   10.769568749851789     
  0.23671117492075977     
   1.8712423561333837     
   3.1695698707574804     
   5.4629305148591261     
   2.1696711960280219     
   1.0289872410211174     
   5.3853938651019151     
   5.7384027538697469     
   10.389519036230318     
   2.9912365940442602     
   1.6544970992828505     
   19.636424198368061     
   2.2492976831960685     
   5.0317920507106191     
   5.0521210799765743     
  0.36910361458756769     
  0.45220003835886502     
  0.92386225581249215     
   1.8754001762304093     
  0.71568995794519297     
   17.527391761432142     
   4.6376928849879153     
   27.319010140792859     
   28.844877659090660     
   14.595951170929670     
   2.5864525453723224     
   4.6321178943041392     
  0.41748988183288843     
   2.6198734805213308     
   10.976345353946149     
   2.1010640641983676     
   32.846765354610177     
   7.6473615293064912     
  0.73799359419048038     
   11.541082600404149     
   1.0998874148526931     
   7.9118534398257232     
   3.1538472322060578     
   1.7386144628006086     
   1.9285688137731802     
   30.248294609357828     
   13.851982366200401     
   10.328012583886551     
   8.4836646690534128     
   11.856711771068806     
   14.920866665594021     
  0.63128586201157999     
   2.3456536316761096     
   1.0817080645018233     
   1.6446615141443301     
   18.465993856738013     
   3.7751336182303659     
   13.000132884267472     
   9.6545716153807053     
   13.583018106586353     
   36.722490990592341     
   15.201985736516457     
   18.388035981035713     
   8.2575965347951872     
   1.9934607182754462     
   8.9575560510554695     
   12.811994790366576     
   9.9424291706934369     
   4.3778814478930510     
   12.482558241294601     
   3.7072675940892075     
   3.0841347565336452     
   4.8835916108441539     
   11.445736753354032     
   4.0519322868126011     
   3.4320711100043297     
   8.7059439057995025     
   20.097406587664857     
   6.3552496471974944     
  0.49971522423029330     
   2.6483623702968941     
   6.1792022105868991     
   29.611844984848275     
   1.1801003590629546     
   18.082739654951080     
   12.586277057768813     
  0.86446267917210118     
   20.804911340573000     
   4.0005728382999690     
   8.6661692484731603     
   17.272813592226793     
   3.1393305809875960     
   4.2350490678409605     
   10.534153414816370     
   10.517820735553901     
  0.74015249965177055     
  0.56356246773984142     
   42.489898444780330     
  0.21529466852013399     
   38.995964352653857     
   10.729166347868384     
   18.806068798952143     
   36.791574268475088     
   12.803164366108359     
   7.0764848555960338     
   6.6142761443983726     
   11.225561360427063     
   2.4503465762306136     
   7.8036838791203520     
   5.2647419807617615     
   4.7413545978764562     
   28.303226477600507     
   6.7718111152543345     
   2.9235293456544058     
   6.7548468032832432     
   14.090123629915121     
   9.9647750441685119     
   2.6470605747959435     
   15.161388418978653     
   22.191324378422642     
  0.25646610688071381     
   8.2653308031622270     
   20.341222289833311     
   13.034555783173001     
   4.4792629159634991     
   1.5080305128773843     
   11.932792551590556     
   11.849239135930890     
   27.543426550675729     
   2.5232634576910034     
   1.1676678637974707     
   2.9836380512873726     
   11.461520976009286     
   14.691732612888215     
   5.9361602921918539     
  0.52725533734839136     
   2.2864412684333875     
   1.7324205471035889     
   5.5181241552778513     
   14.456724733557252     
   6.5266414118357314     
   3.8886969213459821     
   18.129153123518332     
   6.4164119173718550     
   4.0354101508095033     
   14.038075122688316     
   2.1742779831362489     
   4.0160791070987818     
  0.32153137999441217     
   16.320698223826643     
   17.247885226564641     
   16.916138194156403     
   15.195674776000104     
   7.3672118949357515     
   16.819798211261478     
   16.506640186811115     
   4.4910349520387225     
   14.928332526068340     
   21.106627203871923     
   12.263832181342313     
   10.267561077996222     
   3.4171418499502315     
   14.634981990627626     
   5.7735060690203435     
   17.389232954474473     
   19.124860571299049     
   5.0009197535741299     
   39.303463863912143     
   33.894727708899538     
   1.7685319436145461     
   4.5876445947235975     
   23.137464888072405     
   31.343764193420295     
   5.8932932567293381     
   1.9061688108763071     
   20.474277570437785     
   15.251477693462498     
   42.547503641167012     
   5.1230109222759177     
   11.141840952344651     
   2.6208587800392378     
   28.277999471743435     
   43.247573888276982     
   7.6284322530606099     
   2.8751805392113368     
   11.488131688040719     
   34.800978824434928     
   3.1863861201372501     
   43.405151806198589     
  0.10945639450709407     
   32.967745289072688     
   1.1117429228604909     
   4.9136394952365503     
   9.8182920347918845     
   11.320211423150679     
   13.692073308869244     
   18.403837316707428     
   15.193452173650465     
   12.143718283306878     
  0.66562357263808092     
   3.4822974763227905     
   3.9320267692320994     
  0.96139170936067431     
   8.4804462771970073     
   4.7836097984060268     
  0.52497606460997193     
   8.3795163645993007     
   4.5424969925883918     
   17.744474601562118     
   25.289384936983051     
   13.831493256656051     
  0.17815757558230932     
   15.153366817756131     
   26.572772714204916     
   1.9673210460087351     
   8.0600287898799738     
   3.9822071840090532     
   20.242674663503099     
   31.376463504379398     
   17.931461189643183     
   12.687936529118071     
   4.5986839709368308     
   9.7304206574778114     
   1.1082343373798529     
   1.1692488846900695     
   9.6422828734864368     
   20.564739148551968     
   3.7815624731554962     
   1.4169840406290222     
   6.8046774309489901     
   3.1788246459287079     
   13.631468705532001     
   19.390233550375633     
   5.3028932496834171     
   1.9743622089364150     
   3.1791228012483201     
   1.1733097701502357     
   11.761600211152661     
   11.974639072942717     
   37.048719815142491     
   6.7615671927001317     
   6.9739479441174881     
   1.2809309725437852     
   11.544999818594135     
   1.9986246529357272     
   12.126748476256710     
   8.8897409925449455     
  0.25161173132402176     
   9.3828267222685859     
   5.7110205117087460     
   11.558176860964750     
   1.7064360373862986     
   10.456858857223219     
   1.8470228000840418     
   6.4232439670168295     
   4.7012952217968405     
   29.462473492749194     
  0.22325404832320217     
  0.70068308636420107     
   3.9754955087611821     
   3.4775669467444841     
   12.400126737311250     
   4.8072719674397906     
   11.089865794662659     
   6.7317255138955137     
   31.606377856789635     
   5.2316304685381452     
   6.0011462600652665     
   1.9963596452852821     
   8.8029815213880784     
   17.419959412147080     
   24.511570299719828     
   4.2137405856040457     
   1.9711241100467849     
   16.264169331974145     
   2.1337931993659369     
   6.4262718580866531     
  0.52990215698886745     
   5.5180868963045970     
   13.115956260227627     
   4.5829042349218536     
   19.862486780466934     
   26.159615582098070     
   6.0125012377602571     
   10.422043801824358     
   8.4081833588720265     
   1.9686940465788147     
   5.9707357250902451     
  0.97639569957963435     
   6.1434105233065592     
   6.2078633239568690     
   20.910944089776827     
   6.2408424825419839     
   9.6894677621090590     
  0.39634788891560180     
   1.2091168500302607     
   1.2028658176263622     
   16.249036584383227     
   2.0729316757499401     
   8.7881352015991965     
   6.3580003648887846     
   6.9180483163886528     
   2.3997708190876517     
   18.567207481721475     
  0.19081046839527802     
   10.668929535227555     
   1.2502709467318578     
   3.2731165213857705     
   7.4253965220163245     
   6.6636926694499135     
   5.7022625362661135     
   4.5670100800697790     
   31.521156112970065     
   3.6765105851997282     
   7.5486984572499125     
   7.0311442497014829     
   18.677062010362839     
   11.885437408039415     
   6.9949923281939022     
   12.408789602805042     
   9.0601576538538104     
   14.722271075052101     
   2.7827585535993093     
   9.8066142041671664     
   3.8499853723304538     
   10.573931867261479     
   25.146304417595967     
   5.7717055113521951     
   1.3479976607584130     
   7.3384496671466692     
   10.202762796137613     
   1.7130835914020257     
  0.67813582483983126     
   32.171080839677117     
   7.6146991171625569     
   6.4839265150000163     
   19.932042119495502     
   24.231024117796220     
   1.3441515792542704     
   20.226046737386714     
   3.0067408622710556     
   6.1640301788341940     
   2.0873478264461718     
   3.0715954967308146     
   22.528347220426728     
   8.5101024432152741     
   11.777566215625699     
   35.501649457210846     
   3.6841065413471941     
   4.5620161173168414     
   10.196402498985925     
   3.5862329001265896     
   2.7376899020906030E-002
   30.132425131373687     
   2.7059066714771971     
   6.1792773988394867     
  0.15885937736502556     
   21.875719693773124     
   5.8550912055329150     
   6.7460945757416990     
   3.0893613862329494     
   18.080805580701323     
   2.0287852928217980     
   1.5728698250479800     
   1.1915061546523689     
   20.028161795944499     
   17.019611706369119     
   10.679779685334230     
   4.9221035868062817     
   3.9295365310411947     
   3.1241636942584723     
   12.354267069148388     
  0.27407901679204061     
   4.9758425250279341     
   4.8582329331965806     
   6.8415878589177179     
   9.8418800620989231     
   7.1383996299039705     
   9.3827109559641961     
   4.4554699747873698     
   8.1264621530792489     
  0.32406272946589265     
   25.623330396605741     
   14.618964627514623     
   2.2819203149055771     
   1.1908132217086629     
   17.705311059008508     
   13.317431919656311     
   11.179988476712573     
   2.6393340702975356     
   16.567422239563022     
   23.995078049874170     
   8.0601835945498461     
   5.8799306132246523     
   12.202560885683521     
   4.1422651716953354     
  0.76525669157906151     
   2.1038472340997281     
   13.956409981189763     
   4.1668497106359563     
   4.2697350315434459     
   14.078969128200345     
  0.50306678142595840     
   8.9503587678504122     
   15.100028105988404     
   1.9743360676173152     
   2.6473557164383226     
   1.7652374893631537     
   13.008981431595732     
   11.167897409618723     
   8.7554465271098376     
   9.5889546025214649     
   9.4047611838909670     
   18.655986147212381     
   2.4543531214251000     
   16.640579804987944     
   3.2718531656135141     
   49.042748741514714     
   4.8259400047346643     
  0.52898210035697313     
   31.445725558801673     
   20.220642305621229     
  0.62200558062212197     
   8.1454598529290543     
   2.0330880347395892     
  0.50293640816731700     
   4.8013511740655606     
   7.2490670775120201     
   2.2150195703910898     
   3.7273115370251331     
   6.7838743045308014     
   7.9716804575286515     
   12.479393727675113     
   15.194868480795378     
   2.5537338637623415     
   18.583722837801616     
   4.2836153652764155     
   33.729479885925443     
   12.550884633706730     
   1.6980494535625035     
   14.335154368233471     
  0.52798923803084630     
   4.7025733879544580     
   3.4447479101681182     
   11.746014644955773     
   9.5087481284404838     
   13.044911074189198     
  0.87452765502709628     
   4.8142148612621414     
   21.469732260154515     
   3.8461529184761742     
   3.1296232104527970     
   5.4764932242720574     
   4.8467640848103573     
   9.9604490529002412     
   7.9896492862157480     
   3.6840134947375618     
   2.9678936416495452     
  0.31496713936278337     
   1.2339901962189535     
   1.1815062544891881     
   27.954852726295098     
   4.1730034913080534     
   1.8107245169157467     
   10.840506003057023     
   6.7964695373564634     
   3.3615099534751920     
   1.5791108551656319     
  0.75238568382658499     
   1.4843419589278997     
   5.3799128844164654     
  0.58563770469778664     
  0.17675969681252526     
   6.3811706138496271     
   1.0198269640719917     
   7.3625559852450095     
  0.67526072690533956     
   5.8644641125225947     
   2.9808141767103202     
   1.7331321985534536     
   5.6065529660047178     
   38.492124845640191     
  0.73027566164871405     
   9.9633285343552291     
   4.1281904268650083     
   5.6429645106285262     
   18.885445444446624     
   2.7462761130798907     
   1.2686594688254278     
   7.4896932401839127     
   13.940644912981469     
   14.889600366630875     
   2.5167481180386417     
   9.1825281384676352     
   4.7453812550908889     
   1.6233954262010022     
   6.7147776831326711     
   5.3930894599684240     
   40.795918599027587     
   12.810312203505500     
   18.654168950987145     
   13.670505560902429     
   9.4491000440342265     
   20.757538154067539     
   4.5700181984353776     
   1.7335688543935823     
  0.48692846440966497     
   15.111528833205618     
   5.9227316608797631     
   8.6202101334740533     
   3.2523971513144954     
   5.0509475832216051     
   18.568444042709551     
   4.1767641900243140     
   3.9775500593940096     
   9.4895525371610905     
   2.8911965669296720     
   19.801387658455219     
   15.823028315486273     
   1.5459352116840408     
   4.8064005890574428     
   14.360009969858673     
   1.8848050673822281E-002
   10.513705912134698     
   10.603104042152520     
   26.232813388255032     
   5.3104566604854506     
   10.704505113852512     
   10.666414536154825     
   10.846704134014855     
  0.12922936772070140     
   16.188805763612322     
   2.1510730743590578     
   24.835781106899432     
   8.1219224652512150     
   10.400400591518990     
   12.963178017563015     
   10.896541389604902     
   2.9418945654055761     
   7.1877862540091702     
   1.7182632594813005     
   5.0926218491191069     
  0.24627097311007176     
   19.272011237879905     
   10.739091159349687     
   8.0209346906102343     
   25.765455412898724     
  0.62127235881090570     
   5.1107297389389945     
   3.4964788317073534     
   1.4646392122264571     
   18.266455657622529     
   20.486199464048216     
   4.5787728663925193     
   6.3546599846126073     
   7.4897134086917960     
   14.491913673248686     
   4.9205747638098067     
   13.925144562704826     
   3.6529499074755063     
  0.85700760642179930     
   4.7878497733528889     
   6.2529186278367987     
   6.6722150654044228     
   15.463486699489417     
   12.045477172780753     
   16.029594144091412     
   13.982656803964232     
   2.9085201859106382     
   10.416447868597041     
   2.8981803934299455     
   10.483697800034992     
   1.4804826571469186E-002
   20.118669626851098     
   2.9241010517292896     
   2.3508489076800543     
   3.8097859451660707E-002
   24.097522271943514     
   1.0995786990332981     
  0.87155912442143169     
   16.707138376397523     
   4.9721296738351315     
   8.9499853276197676     
   7.4272803867704269     
   50.214953671000480     
   1.8301855409571606     
   26.176296534266505     
   6.9073063102845547     
   1.8870864059258574     
   4.1584084433662891     
   49.414192877157070     
   25.985692531441181     
   22.786304778914548     
   8.0961846345305233     
   5.4368086813793459     
   13.383690538927226     
   38.606406656659580     
   1.4776512163985056     
   12.595791682497293     
   9.7147373856884851     
   1.4814411658904783     
   2.3896862902587417     
   7.0417501890091962     
   10.959731427486112     
   19.791117021989916     
   5.3110040745522227     
   2.2189061247180049     
   7.8320698090150440     
   2.7557375704356630     
   2.1824747182710227     
   5.2559184561173602     
   9.5153339081474897     
   3.5209579971520334E-002
  0.78960872718930886     
  0.55429439281887771     
   2.9359353593997568     
  0.47615819935448084     
   7.5070936063079463     
   8.3800068866388564     
   12.850919152153747     
   14.350723183325778     
   3.3899162962833391     
   2.3686502925086317     
   10.066365053403644     
   30.113566302739709     
   11.376732359896604     
   3.3434375660138920     
   5.4838178118697556     
   7.0108888418972146     
   37.515682872400191     
   4.4245834634614436     
   2.9850679619685909     
   6.2478138756293689     
   22.609364139044715     
   17.522660240751438     
   52.698547607794112     
   7.7872872198654779     
   14.724183478658237     
   37.538046059731165     
   2.7479643301446832     
   3.1973927559034458     
   5.6793660745814769     
   8.8062651659064244     
   1.1716316069896995     
   2.0153165108484679     
   10.677795967076753     
   2.7863051287347389     
   1.4953250306345014     
   3.8171943058783198     
  0.93739067959829314     
   21.759156905645707     
   4.0932156422625194     
   6.2424491223739516     
  0.69218645306554438     
  0.11399866774216569     
   7.1551842107427923     
   5.2697886463754786     
   4.8637105490549564     
   1.7269671790744345     
   12.450337029295440     
   13.600569664720158     
   8.0052187014869087     
  0.71153675860336763     
   3.9861170094927894     
   3.2983343175421407     
  0.38405920675127136     
   2.8899646331023781     
   3.7116069827111957     
   3.5385835434354846     
   25.195468812238801     
   1.1160604118759860     
   21.151416953654909     
   16.285459339178288     
   2.4927846618505156     
   2.8476459222498995     
   25.564274985517223     
  0.96915094195621498     
   5.3392832514069823     
   1.0851701490646724     
   4.6915826828023626     
   13.610765747315270     
   29.513019896179912     
   6.3848674907530061     
   4.7214443843045819     
  0.94827903806995151     
   7.7780557901919547     
   10.385362361187084     
   15.477688335960238     
   15.164190439927431     
   25.654756857520510     
   18.064954458759793     
   16.740260258658022     
   18.575637447080574     
   2.5905757899825357     
   12.773127278969124     
   6.0722660696945834     
   7.8128348536505570     
   6.0345219187441765     
   24.425035694171996     
   13.999996444446845     
   5.8929966880929108     
   22.850875144765226     
   10.068237628888749     
   1.0356990081582649     
   8.9517184415074862     
   12.552908945531273     
   1.3417192190348184     
   3.4962251752066060     
   18.192149104772209     
   11.966620231393421     
   23.748130140469371     
   5.3408571159858944     
   10.608846764236596     
   3.1505338163708156     
  0.99994256341995635     
   3.7625487901998622     
   2.4524212482852610     
   3.1466238296368427     
   3.5442435472353520     
   8.9758264260514000     
   2.8654054030797442     
   4.4007127866540348     
   6.0736620402431836     
   17.198174214817975     
   21.727258818173176     
   2.8001727779951264     
   14.433192694677972     
   1.6621546309910704     
   14.432970576783841     
  0.68586212088146981     
  0.93231210424415556     
   1.2106856009458358     
   5.9511934392181089     
   55.197467278306334     
   10.741512829329778     
   28.453641991462820     
   3.5189987137170746     
   15.590843094105884     
   9.6294494759614060E-002
  0.69475973113317047     
  0.47198830666879416     
   18.622145063306682     
   5.0981261964819877     
   8.6966381831334232     
   3.8030393253493422     
   18.090639796415132     
   22.034101265925873     
  0.75495393234535235     
   1.5229397148980417     
   2.6247916498157138     
  0.24779835870911068     
   4.4169119464471409     
   35.299326854615430     
   5.8531175037117507     
   10.273573824800694     
   23.933302175852464     
   1.0906034943606275     
   8.2968197589397779     
   47.441156397288310     
   13.225913095678077     
   21.173580214867886     
   3.4627988699515537     
   1.8145256496990698     
   48.298477062763958     
   13.892379133653572     
   9.2086187263665238     
   19.919591605177839     
  0.61829689268650045     
   12.051172323307339     
   11.069780058957491     
   4.1523828104022176     
   3.6669076370797251     
   4.3096178270224019     
   5.1978583959054756     
   14.059789877185144     
   1.6828291178859101     
   1.7419540757912186     
   22.291864291942751     
   3.6025106986704665     
   1.0517604967440388     
   24.430274750219432     
   7.2762156125518800     
   3.1731089909220129     
   14.002645922399156     
   7.7977906718722245     
   20.407501110983461     
   2.8725650638131195     
   4.9063897009498989     
   1.8312764102250048     
   6.0220882297785643     
   6.4774402081498952     
   1.7492358579323422     
   1.8419566061537731     
   4.9916345942096072     
   7.1121708175924763     
   43.712851238574416     
   10.385126621025268     
   10.426567441977976     
   2.9106315316590008     
   3.5789325540252377     
   5.5707021683259574     
   7.4257822845725050     
   15.845572808576300     
   24.923740750795854     
   18.303452750299176     
   19.858716837292832     
  0.59404678026712887     
   4.1395849729550012     
   1.0294047776659645     
  0.51704663585554422     
   25.040438338677852     
   33.964958694769656     
   1.3899641115104018     
  0.28490599703423169     
  0.90428762729064327     
   1.5624841890875514     
   2.1012111468146761     
   1.7503236123042774     
   12.162438505925214     
   5.0584492722438403     
   5.9838126338600137     
   1.9942290267167404     
   10.556259662432112     
   8.9985501945735766     
   15.830537500663144     
   13.207336065413005     
   8.0092595700684388     
   1.2702754887019287     
   24.893721718132046     
   10.702391339965601     
   5.7625251614085160     
   6.1875825455208417     
   7.6672710330413629     
   9.9642067475019989     
   21.373512842699711     
   4.0713973109499255     
  0.88307653305201583     
   7.8649486128528556     
   5.9900124759170836     
   23.666812071252174     
   10.415502005732938     
   11.687488777684798     
   1.4301844590654422     
   13.343029824317053     
  0.19878199304504032     
   15.918958211150397     
   1.2343597351517426     
   10.786598615770700     
   14.473051763882728     
   28.164680972751157     
   10.791655012939550     
   10.601940750807646     
   2.8472370453095985     
   5.2325638414063977     
   4.7764228775998232     
   8.2344023966173108     
  0.93822077449275643     
   1.7337871894639167     
   4.3590130477785518     
   2.5334898090721882     
   6.1263742827281238     
   31.155747423067638     
   8.1904190030597164     
   8.4369050537395633     
   35.432241214437205     
   28.760335528356556     
   15.962369321318821     
   27.133365376485834     
   5.8743520231930173     
   6.9003066590302717     
   3.1814428188489163     
   28.956940474304147     
   2.6737891012754438     
   2.3329105588836199     
   1.6324606191905966     
   5.6929055501512336     
   6.3479915658515926     
   8.8513097418157276     
   5.5165511194271915     
   2.7517842670915509     
   1.6396377960771686     
   11.292014992607069     
   5.8984308773587770     
   32.989353809299267     
   5.9015190188769733     
   18.217087581228689     
   6.5968757973551897     
   8.3348037008821692     
   15.230385246138363     
   3.0852934691695024     
   17.050297042292790     
  0.47230323785635570     
   4.2965916571744520     
   1.8241521199733737     
   6.5095161809745044     
   3.9297166551255023     
   6.3687538800198329     
  0.66303739922392513     
   2.5786678014713522     
   3.0791152193321052     
   2.0742693804852976     
   5.3485917654224764     
   3.1470516651370972     
   17.252194019914938     
   1.0846865011475062     
   10.336749280912423     
   15.805246967996887     
   50.497282230558866     
   2.8661738522100597     
   3.9179130287996982     
  0.77121681403197462     
   6.2749532819943372     
   3.3324121588594799     
   1.6228233406123551     
   11.149966307094930     
   12.493047331359517     
   4.5558476703812758     
  0.72117215860704631     
   5.1805807550502969     
   6.3774751031310846     
   16.711917706456862     
   23.248646642451657     
   4.0376841198180005     
   3.6604282777730859     
   16.077677552652908     
   40.135031412469495     
   3.5426668497337332     
   13.218667703787954     
   9.9807069456221260     
   1.1897497436132951     
   2.8001696233538209     
   14.211300948194799     
   1.0764494773470457     
   2.4724284160588308     
   8.2131643187701044     
   5.2019849276983248     
   21.091388079443366     
   9.1453727092497186     
   5.1848803495775044     
   14.905253049554908     
   1.6817768885198128     
   10.958454575701547     
   1.5640536134702332     
   5.9066996036760351     
   10.841140447467216     
   19.144393736622540     
   2.7133751897080751     
  0.31757804407577939     
   4.6082272794260009     
   13.623858365722130     
   8.7706455344837977     
   2.8977662594843148     
   1.3649544120094168     
   5.1764390394925330     
   3.9356201631500176     
   1.8571571528464141     
   9.8421990281386353     
   12.394690522100937     
   13.468059580743056     
  0.10539083311745118     
   2.2645236843502965     
   16.934804909423345     
   8.1134342136675812     
   3.7196342856505531     
   9.1649138123720615     
   8.0344176187137748     
  0.81334001462219641     
   20.373922732246680     
   23.239435621716492     
   17.060848445925838     
   3.1135237617905789     
   9.6298031155375625     
   20.668280224893365     
   6.1480169200199208     
   10.428271944777961     
   3.0346175483201732     
   1.0384310011217965     
   13.220509861299419     
   6.1364498547661208     
   1.3952147846818175     
   12.186257122037585     
   2.7826357373857409     
   6.3107267900262567     
   3.9929495560581580     
   44.148075565761992     
   11.734807750888107     
   15.681460576123619     
   22.988664868708945     
  0.40990848865781532     
   7.6370248376764233E-002
   20.250980941720933     
   16.071276844311434     
   17.473510790471359     
   10.152236797840759     
   6.2941817965294833     
   7.3410524187267390     
   13.404146826675699     
   44.563787772597777     
   34.049604996124032     
   20.600817416939677     
  0.61068342715896240     
   11.005620680443863     
   8.7526657883423233     
   11.030806845249215     
   10.397136230154880     
   15.517803614337172     
  0.99037185400924033     
   13.924434465603548     
  0.10484390387803195     
   3.4882906671025316     
   5.6962216422240335     
   9.8179611024153388     
   6.2850680027227233     
   4.3910288030826976     
   33.858669256611769     
   1.2209760332604538     
   14.507932101928461     
   12.234024714715376     
   25.792049210901723     
   6.0417784143672426     
   8.7051638277400549     
   3.8064715335171591     
   15.172709929316866     
  0.68638559104959906     
   24.158401573539106     
   3.0979669270231849     
   6.0016806807783238     
   11.188466039767860     
   22.133697415375615     
   6.2897043564231927     
   7.1520005275552689     
   15.910843955433993     
   4.1435243555762709     
   6.4295274103509232     
   26.481513082256683     
   4.6136112138055125     
   5.9980272032983439     
   3.6642486659345348     
   2.9223860315496464     
  0.61333721406125585     
   19.907592934595069     
   3.6425561543283025     
   30.045120823075450     
   59.424971060562996     
   20.950310261002357     
   9.7849167051534600     
   9.9000936892938771     
   35.284369204729607     
   12.170004050864438     
   1.7558494137464442     
   6.8757136185211118     
   7.2497611379058906     
   14.429619214706449     
   13.245107432302044     
   6.2295676642409124     
   6.2524909045986199     
   1.1176652872883142     
   3.4433180239627554     
   44.061143239135220     
   24.444442169726205     
   8.8385897787398005     
   9.0851379599385123     
   12.568473020699889     
   8.5916165057236888     
   30.452625243709495     
   3.0316920723766860     
   6.2659863668088409     
   2.6718299436322077     
   11.713008441357676     
   5.9011447782466568     
   6.7123049265984092     
   3.4787552776069024     
   1.3000547878132291     
   27.077507921941795     
   2.2293322864216130     
   8.5555178787176001     
   2.3532710759306346     
   2.5184102919328448     
   14.769637794565437     
   6.1811484415398841     
   12.369204462101118     
   3.8756171644357758     
   26.027385624475610     
   1.0663755889351869     
   4.9517960523508965E-002
  0.19384614318723556     
   10.832008329188907     
   10.830958951753997     
  0.66454570676559621     
   9.1509494347494531     
   1.7177649889893989     
   11.845512705753267     
  0.21361391969142268     
   2.4367636957532079     
   10.936160929559456     
   9.3709402560936859     
   9.4977896760313989     
   9.4294369450908011     
  0.18679186517267185     
  0.30356933602349279     
   7.8313080477600447     
   10.683401332834881     
   6.5432272422493210     
   17.472895040826760     
   6.0990949143119897     
  0.80444483944170209     
  0.83083288138418454     
   29.989522883623042     
   4.3513621776717208     
   23.870297013694355     
   5.1294637899953113     
   1.8186599498961393     
   15.435300036513741     
   9.0070203869263068     
   8.6889667651002593     
   24.062102623787702     
   13.583546709327141     
   2.2235594775604994     
   16.590621144829225     
   4.1106571749844916     
   24.212214947350944     
   3.8761511274709060     
   7.7100232856590933     
   27.768052102284081     
   40.395414755816745     
   1.1194437474211654     
   32.794827740636215     
   2.9630218796992773     
   28.547001805467090     
   4.6687019215090979     
   10.841147497075664     
   19.535769648851570     
   4.1469996597499827     
   4.0632581185007108     
   36.223768634210785     
   27.282049631062986     
   22.209083896449044     
   3.0764912671748235     
   29.333248611090909     
   7.6653208889811211     
   1.1464153554843874     
   5.8248690784955448     
   1.7949324289486661     
   6.8996697057581846     
   13.301641127187578     
   10.884023371625984     
   1.9344196737026731     
  0.58822922225819152     
   1.2957114218698513     
   7.3425229748181859     
   26.175447124768944     
   5.0182360341187096     
   9.5395478257579338     
   12.031213767829890     
   9.3572566611944641     
   9.0903379727155578     
   2.7056347963497389     
   1.1525669781955663     
   10.695086963652427     
   2.5720052698516231     
   9.3736913982610925     
   5.5113122110197130     
   1.8370190356561857     
   6.6733627765235424     
   14.937439086180063     
   3.8188742711094359     
  0.17867940333388285     
   10.232840516772818     
   4.3503896540421296     
   18.920459806414978     
   1.3669304737903256     
   3.5642627022280404     
   1.9288810816504691     
   4.8304375821463994     
   12.602994552862459     
  0.57139256389391813     
   5.4457645693030345     
   6.3759593911495482     
   6.3302936870444295     
   16.449856269632516     
   48.987915428451451     
   11.900356314231901     
   1.4888178545897721     
   22.957193728212989     
   12.889407258824662     
   9.7057973350539477     
   5.8689180364538442     
   5.4366567469772260     
   8.8853978493805474     
  0.25943858796648916     
   5.6996189326015321     
   19.126749210975621     
   19.976321366338073     
  0.31100901863861097     
   11.124464110121115     
   10.126179859398450     
   8.6608280101314890     
  0.49023317034094410     
  0.68809408190854038     
   8.8901179897966802     
   3.3789966558841913     
   1.3486661023879516     
   6.9392520454715978     
  0.36575213500164416     
   9.5237468052064465     
   6.1774686147332813     
   4.7095775859882023     
   10.358846157120642     
   47.572417933352931     
   10.248441547878899     
   14.635857714581451     
   15.064841459988807     
  0.94801952879149731     
   1.5746334422984953     
   10.324068831519151     
   2.3513495817805290     
   11.110803059270085     
  0.90602592750364264     
   16.718818168833312     
  0.85894294859438680     
   4.5717203132795179     
   34.891165483314104     
   25.480271094673398     
  0.95208070340244433     
   4.3123916992189839     
   5.7024101264452973     
   7.0943143413321774     
   2.7402033990457539     
   4.5040402429011630     
   12.509334691535427     
   2.3223548485526053     
  0.99706301304197908     
   26.983600494500550     
   9.8134627812567086     
   10.073452674576586     
   3.5749980360807774     
   16.277673641026759     
   10.642239094062527     
   10.836369002746064     
   1.5233811707083176     
   20.007777703297865     
   2.1158743700604319     
   1.2934997448302685     
   2.9494646454193680     
   47.101264254663903     
   11.371349079906686     
   4.8038447267802189     
   1.1518178826611898     
   7.6527823389946148     
   3.7366089333333328     
   2.8945238649890004     
  0.48706363550247772     
   49.370904207779851     
   5.1613712726815226     
   2.5368753125752797     
   20.979664897672606     
   11.663120818825533     
   5.0015055224185110     
   8.6137931314159513     
   12.767424691404479     
   15.183032143167903     
   20.340857728810310     
   10.444580860444884     
   24.636908907172533     
   4.8610469597809560     
   5.1931364286895230     
  0.35774281607749636     
   10.052765153013333     
   8.9720188061450621     
   10.135648450257744     
   4.4027603163795268     
   11.017861413490440     
   5.4830504582286776     
   14.069559883849596     
   1.9586142838793399     
   7.5312357359155246     
   11.912276098640429     
   2.6111989798334596     
   5.8497661000179360     
   7.0047577664269900     
   19.733984282343499     
   1.0792776161518278     
   6.6351132810566869     
   13.122755614905042     
   5.8511998325804804     
   18.800332671587256     
   7.0244424335570361     
   3.1376924537353830     
   4.1046961801344048     
   3.1082129178468643     
  0.81618007133895720     
   3.1045275745583654     
   7.7635301789275619     
   5.5217803496591813     
   3.6070544943222882     
   5.5052656364969526     
   3.7282010814007442     
   7.4216198410228360     
   6.3032367334872301     
   9.8525965109571381     
   2.7038006136471893     
   14.235889823815985     
  0.69016560356354084     
   18.382489677504747     
  0.82551293051099417     
   12.588308547546159     
  0.52667730281142089     
   3.3100790520926560     
   2.5041711691527944     
   1.7138617855533698     
   1.8580069310146317     
   16.705820342395409     
   37.039808539853055     
   1.3167454263450944     
   7.8311202251355514     
   7.1977125029960689     
   3.3740574715779403     
   2.2754794650237535     
   6.7331465321603270     
   1.9202192651940302     
   4.6991131783273703     
   10.709784546550905     
   11.959624783669627     
   4.3001352361786509     
  0.44717244384217281     
  0.10305153488420429     
   3.7314484169178113     
   3.2872491994441297     
   10.061779703028304     
   1.4413505116860439     
   48.008132663879110     
   15.918243704976348     
   20.501895177788278     
   14.410572118065957     
   1.7853169311747270     
   44.317422910660660     
   1.0829035836973080     
   30.658404758278415     
   8.0084151537707022     
   6.5869660626966251     
   30.015916148786950     
   8.2831914810258418     
   51.269362266296881     
   2.9680797072601344     
   3.0706328358186257     
   12.189822308114337     
  0.17910416695602505     
   4.2235525611084208     
   49.567196181379288     
   13.764250108815791     
   8.6578184415511128     
   25.001348899941853     
   8.7611706453798739     
   9.7530875751077435     
   6.6929545739600185     
   10.600880828002071     
   10.042105493666526     
  0.32306291760699568     
   3.5231215051493447     
   10.822842322461842     
   5.8471858992999506     
  0.92891037786139674     
   23.373610858356347     
   13.706746839575514     
   1.1317256193580891     
   5.2455475596370080     
   3.5900864930010661     
   7.4530990105803854     
   9.5001998753159995     
   1.9097351272296279     
   17.328790110496019     
   29.683965016177947     
   4.5496341751693627     
   5.8853834733848469     
   15.927489375023187     
  0.35510905314886537     
   4.5045078361631923     
   2.4036116114718342     
   25.305243517702515     
   20.686321022337168     
   3.4610327488679040     
  0.69295555617543803     
   2.4197122997601430     
   2.0009717187502480     
   26.548870701032801     
   4.3747348566004298     
   3.5807571409702472     
   8.4280234606302269     
   7.9120796024792837     
   5.8027169541230625     
   4.2426478717775300     
  0.10498846376425620     
   7.5810235342620045     
   3.8801510395130502E-002
  0.91789149927046543     
  0.16796918902401325     
   29.765679889693253     
   4.9994535162411404     
   6.6316744286090410     
   13.969442850809671     
   14.399155212558693     
   9.7015567543957761     
   13.699351090667582     
   30.110854333252114     
   6.0580548945225585     
   7.3497149223342220     
   12.882980837449754     
   10.313122860429981     
   10.680022475085600     
   7.5345880776994250     
   4.2924816525889984     
   11.180819864671490     
   11.702422398799069     
   26.355159392898631     
   2.7721861393738596     
   1.8030295040980560     
   20.341331660731900     
   13.935888533217394     
   15.633783457169546     
   1.6901244217978095     
   7.3255204610524931     
   2.2444144989525476     
   18.532660921940465     
   27.098910553543693     
   9.0282096669849583     
  0.34093176358812771     
   4.2862246491818556     
   17.406752182568553     
  0.22289079108571888     
   6.3244716521618862     
   9.4050909337390980     
  0.64876051646017108     
   14.162303840821348     
   1.8900785033840042     
   7.0242643574670440     
   1.2600396952466073     
   14.352946418141579     
   1.9130804260264564     
   6.3342997069062443     
   4.8366269894115508     
   1.4037763327771815     
   2.4325239666917171     
  0.78627066705620574     
   20.515445126986982     
   11.822296695437851     
  0.72413994887833133     
  0.43180607711103874     
   3.4379132192727182     
   7.9480624544915681     
   16.346619223899285     
   3.9773584254234038     
   5.0448176102274580     
   9.8728416391780680     
   26.395285557371547     
  0.67847007352981814     
   6.5829957067402916     
   6.8624878427776483     
   4.0335185454983735     
   10.002068989089860     
   3.9980014644341830     
   11.420239385947411     
   11.160237826720609     
   4.6163799264626002     
   4.8052093140467278     
   7.4857006767842211     
   8.5948652506641352     
   3.0515025703368037     
  0.31678067382214015     
  0.71775183501109319     
  0.55792647480422108     
  0.29192429544881948     
   7.9265067218558096     
   5.5151066281411909     
   18.663289061307101     
   1.2841103147069457     
   4.8173484562428488     
   1.4464105776960658     
   4.3241598558022103     
   3.2552954781617371     
   24.332693288909969     
   2.1905535177077966     
   3.8480794712836914     
   6.3721124992036042     
  0.50353814508109962     
   4.2325186292915378     
   20.256275278981839     
   35.646306856589590     
   2.7482561883825674     
   10.406750262929352     
   6.8787346383445724     
  0.71724208919611754     
   2.9517576056891466     
   19.701649064303201     
   7.6665833072527603     
   1.0010624661345193     
  0.14368993824383317     
   14.848417773828226     
   8.5165929141251322     
   4.2777222801527124     
   7.1628867722617802     
   13.364001792655431     
   3.4565985982888621     
   15.837006651345284     
   34.351270177965539     
   6.0972523201096331     
   5.0446952070261775     
   6.9266092490002595     
   5.3741370098180976     
   4.8969428618729429     
   5.7975984600238402     
   7.5529801088152713     
   21.949414667000823     
   3.3892136021537578     
   4.5752045269079824     
   11.305741405261656     
   22.690973626381975     
  0.69739758117800132     
   1.9978618295688546     
   10.532478617403127     
   11.114714662874594     
   2.8802640815673852     
  0.95770982177830699     
   30.294202249969512     
   6.7167796641205388     
   1.4628783271646451     
   3.3354502560557044     
   16.617415577686206     
   22.595081050418656     
   3.8932565352088027     
  0.33167541231619141     
   3.6602701293473467     
   9.5651235012377462     
   2.7249375360525581     
   18.329341470122330     
   17.791176988163947     
   2.2268446252824514     
   2.5898961869692849     
   18.132806534675861     
   6.4303709435582874     
   11.221034988741998     
   13.473552416124070     
   5.3074443918534522     
   11.366347606485805     
   11.581075486968986     
   2.9896804155140044     
   2.4403661404646719     
   5.2645199859608702     
   1.7164118568970141     
   15.207940655990186     
  0.27619641682877177     
   19.240725360581937     
   50.924268999673274     
   14.030459415725755     
  0.54945954534173036     
   8.3227620273455329     
   42.551703028118233     
   6.9007962850202889     
   11.550545532478328     
   1.2523703954924170     
   4.9544781928941912     
   7.5221667533377810     
   7.2731757298600455     
   16.202558074891201     
   14.622133123637092     
   5.7409127032077665     
  0.24178058888201148     
   6.7505657306639835     
  0.98951109721396191     
   5.7791518997202038     
   1.6286158166987250     
   29.540973161206207     
   26.225883142052460     
   8.3965333451393018     
   12.971025614159849     
   3.1139729698661132     
   1.8652502009351704     
   25.038834501128576     
   13.726793527895886     
   10.637658300496412     
   7.3511725310517709E-002
   1.0586412950715129     
   3.8529114971615943     
   64.756985887606319     
   1.1964574564313895     
   2.8420213693921932     
   16.576162433191406     
   12.397292947312371     
   5.4296768208491809E-002
  0.13224640312345978     
   16.358582864670218     
   2.8661960809562426     
   4.3725380001639156     
   24.799645440616580     
   6.5257942978267298     
   8.7373169860081461     
   24.130271709757551     
  0.38159684141646422     
   3.1544093801079724     
   18.885319374427333     
   2.3468986840641262     
   14.091879842276931     
   4.3462390729656510     
   4.0348676160871477     
   1.5923202914387371     
  0.20163276581348918     
   6.7782940337428697     
   15.559334671458195     
   19.191338602743215     
   18.575836064550209     
   3.3216415076570529     
   1.8864270553628888     
   5.5050258340941207     
  0.81100494385286548     
   2.8890192984317160     
   1.2479315398445749     
   16.480475071214993     
   24.395080467671974     
   4.5704512311499368     
   9.6662361054140220     
   2.2919896442819914     
   8.5350652007492975     
   8.8211442066770136     
   6.3652612110963238     
   32.272263956568217     
   3.7628197132764813     
   7.5144807543206396     
   5.5296562660661976     
   25.182445086500870     
   4.1716211837568977     
   10.016976259305581     
   7.7447419929213730     
   21.135675279713283     
   9.4674007821841926     
   17.270252255919395     
   7.0782315344309934     
   26.936605270061310     
   3.4781340870409667     
   4.8375938261391047     
   1.4182725267708560     
   4.6412418805001971     
   11.612490852950186     
   17.006831032977658     
   13.361969738813528     
   5.0153223144554113     
   10.446701822366659     
   1.8586098579667687     
   10.633866742227607     
   16.395407550223357     
   3.3259862805763873     
   5.2818503967186761     
   4.2771444984903910     
   20.955154724747157     
   9.8460784694456578     
   1.5876497340467806     
   3.8837421062387332     
   2.1279454840862884     
   7.5515087184755920     
   12.886621680833823     
   4.0269471061916526     
   2.9115948616426897     
   7.0841657471312622     
   18.582545540675689     
  0.42832153624119357     
   11.483875828086008     
   12.017137193396788     
   6.9255560066451229     
   7.5710857741291377     
   1.8846968267827102     
  0.13995859356346571     
   8.9493435098047858     
  0.89063707965771988     
   1.8681926620492488     
  0.20540180067009514     
   12.032222265015092     
   1.2466918220394916     
   35.122493789749754     
   10.634460589008405     
   1.6222625041582874     
   20.364819408905227     
   23.830915926023589     
   3.6665016940740673     
   20.754498091722844     
   12.816777973575970     
   19.939096126700228     
   7.5017966122155464     
   4.4954628516145636     
   7.4164830397851942     
   4.3715228094022400     
   16.719795273495322     
   4.9630395976126911     
   3.4950685831208030     
   6.2950497841187012     
   3.5827799226840344     
   29.270280891595810     
   21.922967063029560     
   4.0445198490178838     
   37.860806495826893     
   13.787951988785725     
   9.8329913823369814     
   25.804884729293484     
  0.95258944964202774     
   1.3704982130994243     
   7.5174887148222567     
   16.575299327398493     
   5.6412795087341516     
   2.7169879647073052     
   10.751121540476781     
   6.0542104175468747     
   47.788753301656556     
   13.100736452264121     
   6.3582119899009779     
   11.640201756317731     
   4.7838598377872419     
   3.6927395183364360     
   5.0546740098133238     
   9.8207361822166934     
   2.4438694236490250     
  0.19600983656677670     
   2.5974145486729401     
   8.8017569002932277     
   35.116021840628271     
   3.9995840436895875     
   6.2482547592582058     
   3.4424534625530425     
   31.513464833832220     
   14.032670768704527     
   34.045226445210851     
   9.9480689852253548     
   19.667799015039275     
   8.9871877123337445     
  0.23538808035198808     
   61.558809558284331     
   4.4049193777332167     
   4.5541356318573048E-002
   4.6119208604438953     
   10.759592681791609     
   3.7137393627370434     
   14.660078669285683     
   2.0688082122755214     
   30.460695399360130     
   23.712673192678515     
   19.833666341572155     
   3.1466270954873621     
   3.6112856017811437     
   4.8382938742725345     
   19.430341921512436     
  0.91499889898949205     
   8.7416877090895824     
   37.921846899152008     
  0.68127207823193880     
   21.558441907721907     
   10.859069559268546     
  0.34778708257709984     
   6.5700178422991353     
   2.1901943872842020     
   18.155985619500392     
   17.300305415385708     
   6.3870167311222072     
   3.3744517146930200     
   11.297739420578797     
   8.0542173415905278     
   32.867348246220828     
   17.612597314062644     
  0.87391618533869431     
   5.8693682546489523     
   18.522200129189748     
   1.9374491205566633     
   2.9217122400431563     
   2.3729990430215993     
   5.1636765409488472     
   7.6282073028052810     
  0.76005382200971683     
  0.89795817464480454     
   5.5067872754042249     
   15.487343070641543     
   2.6633623264677224     
   15.525638796731497     
   21.519442285683496     
  0.56961050783066580     
   8.9783831994524181     
   65.404331772015126     
   13.269603882963558     
   5.1362276471972095     
   34.292764376317770     
   3.3014085126172299     
   13.993018333395357     
   8.0481800016339839     
   5.5437414822798425     
   7.5684580385943265     
   1.0528385377776557     
   7.7956433494268706     
   2.4442103820710050     
   6.3561274536183348     
   17.761726538944046     
   17.765008619728189     
   14.554424892133174     
   37.369527122359912     
   7.9814949672733970     
   1.5451004118852434     
   1.9697101303142786     
   19.038158471959818     
   14.939701091143817     
   1.8683133674169319     
   2.1035206275374674     
   3.6968483156188876     
   1.8872850833961698     
   9.6148504296311508     
   3.1542459617622329     
   10.370541750425527     
   32.715538589985471     
   2.4727337133329161     
   32.306099842813481     
   8.2887771018287975     
  0.95286743532630735     
   8.0641879962416372     
   5.9560927324644268     
   7.7030156924392799     
   6.6731536695427778     
   9.0636743946974061     
   1.6953882471558346     
   43.958315069285298     
   15.753370626874702     
   6.6757424975631127E-005
   1.2227433265395597     
   5.0205124761048703     
   26.863093992284142     
   23.951384276630051     
   20.793881373441540     
  0.13889965799580423     
   18.209366790554490     
   4.8536298698309341     
   13.202969485130483     
   9.0073138046857331     
   15.212043542471989     
   7.7039016756700516     
   1.9404592220748040     
   5.4035286385939489     
   2.3168587371835456     
   14.742213376960125     
   25.619003452658696     
   2.3512289351265268     
   7.1449298440626263     
   40.143215151046618     
   7.9571193809259952     
   11.378978728524727     
   6.7434455988584228     
   70.035910714449358     
   13.104139221267060     
  0.14710813340477194     
   5.7213957241183069     
   7.5984154762732947     
   11.600892475118281     
   12.340260976791132     
   1.9617671072268359     
   21.573729784242790     
   10.043700138267560     
  0.13225606682892549     
   17.158794722282163     
  0.12608527630461286     
   8.7413962681110728     
   14.810727228308387     
   2.1789669383320835     
   11.101529981692259     
   30.758899850682020     
   4.8533470907478122     
   5.8672374009295716     
   19.031999846370347     
   2.6417401990761520     
   25.083136539998186     
   17.157110869038586     
   6.9923101827973868     
   6.4012060790216108     
   20.108958526836034     
  0.74942748829913086     
   7.4094329969502581     
   12.407115790826285     
   15.140972588648129     
   4.3199209893746957     
   10.638894838895094     
   12.896556422175083     
   27.082979486927968     
   16.838529781863365     
   10.758753634780710     
   17.624481714688386     
   7.2090898767754643     
   8.9066502389870070     
   11.987620172375451     
   8.1848177706421730     
   5.4667601575755631     
   25.398659543321042     
   3.8265512164188071     
   17.207030697109570     
   8.0721214454401196     
   5.0838854065557770     
   2.1620354189491571     
   14.479774657718012     
   9.1454619599809064     
   6.2580928547763488     
   1.5117377036359492     
  0.52558164207915714     
   7.6585650418002684     
   17.645703254024006     
   9.8903454183588586     
   21.304610184498884     
   9.7607664347127248     
   4.3142120123031793     
   5.5105634285665221     
   5.8396886965001507     
  0.67747246358299817     
   24.974717184936573     
   23.952378172020765     
  0.27955478762397867     
   4.2003160759273070     
   4.5237130015852802     
   14.646795268020805     
  0.30704017133254324     
   2.2698235627745507     
   24.810498086408618     
   4.8346374852841843E-002
  0.61674989868296237     
   2.9499353639264254     
   8.6703784754784436     
   15.760827667121182     
   8.9713697252813454     
   2.1420985816155946     
   13.670215560897729     
   6.6789638236241755     
   9.3136066621419609     
   14.091460274616949     
   1.9677099953202712     
  0.92676526853238339     
   9.6591117570422274     
   10.459172414850791     
   7.6644024002382469     
   4.9712673291350375     
   12.381236249163265     
   2.0505897305254477     
  0.34258470427204424     
  0.35152271675554708     
   7.7911162458511827     
   12.865469702781510     
   7.4398803375462288     
  0.65406105224882394     
   1.0969283932879887     
  0.97944810996244203     
   1.1893174022794764     
   9.0814895085828393     
   2.7803875224872323     
   9.3377428250154235     
   12.647309097187740     
   1.3730415169632852     
   2.9468648852101915     
   13.334143155002248     
  0.88478770695664799     
   1.9241518461866045     
   17.566968258280838     
   20.989870914275773     
   15.655779347223675     
   21.964926617953378     
   2.1272759589106380     
   9.6849640596692446     
   1.8209794516970024     
  0.36298770064343461     
   1.4759433060889393     
   2.7733784782675581     
   11.555450717917743     
   12.618594733737009     
   6.6311792942297014     
   3.9007865592899877     
   9.2019505709896627     
   5.1082260380188220     
   14.737466062070901     
  0.99778743301568729     
  0.33509438220919385     
   20.035177882864190     
   5.2599600922847580     
   9.9256124133293877     
   21.689661449794329     
  0.32744707098268494     
   5.6037967472687855     
   4.1176941387603758     
   13.862323742105524     
   47.650163438017110     
   14.308625220801883     
   5.2103715641456860     
   2.9327061411494402     
   74.556511689472131     
   3.3605656870485507     
  0.10531132172220285     
  0.73599169648744012     
   8.2393521265342962     
   13.493375538719288     
  0.65606443458602337     
   2.9913909389994502     
   4.2303709896120827     
   7.0400966378597172     
   3.4517791952997277     
  0.62714725466241472     
   11.262640383633236     
   6.1913192347160573     
   25.055614619900272     
  0.51819409243894188     
   13.819844710741894     
   1.0766539262887840     
   7.4715781875496665     
   4.1414823206777971     
   2.2781798649508285     
   1.1304147985033752     
   5.8471816209130134     
  0.89221921276480942     
   9.2948903894855377     
   4.2615752543340104     
   16.334584403332492     
   4.8418915796716497     
   8.8454991630491513     
   4.9481606865616703     
  0.60990542066715747     
   5.7090075234969202     
   14.901707897777348     
   16.592863804357179     
  0.56910573380400908     
   15.687456260326108     
   83.823046878569144     
   1.6641846770879718     
   10.526157930130594     
   32.628212170692677     
   9.8232127637319611     
   14.772823065066216     
   11.522757104033943     
   4.8280842158847035     
   3.2324057472551075     
   1.0463349736960588     
   12.135971985790036     
   2.1679534521441495     
   14.937152389693404     
   2.3385600927967749     
   11.068070808265031     
   4.9845085926607151     
   2.6941634041567379     
   4.9943803431770215     
   3.7205611937589995     
   11.208309142620154     
   14.823232973977550     
   36.347672605819014     
   6.2508470136877943     
   9.7851006533866247     
   13.512943351275794     
   8.8830444103634623     
   5.0766577366296453     
   21.922347868643961     
   2.4124901835605632     
   10.558692279799908     
  0.18233296024565679     
   11.102723923848266     
   9.5373880139069005     
   3.6212119559004434     
   1.6559953426872377E-002
   16.575712107831258     
   8.3222523856646244     
   9.5018090529341475     
   2.4911909732211694     
   1.7537807870486115     
   8.7223453212058146     
   5.1011197377604232     
   9.2665562742623351     
   7.3893359025648238     
   9.0061929952136612     
  0.14539284201332497     
   9.1077383248758981     
   9.5598822239589570E-002
   23.802943807632357     
   32.313399795778459     
  0.49691100706025754     
   13.890762803551450     
   26.114640824886219     
   24.621543428330437     
   2.0870246958155922     
   17.464661323152853     
  0.46009317227902990     
   14.278656282410136     
   4.2240836057606712     
   8.7038429584011485     
   4.9553156109235861     
   4.8858181726475340     
   38.699924824394905     
   5.7040168919012721     
  0.33853425166123130     
   6.0765727622913124     
   6.6053275690164446     
   24.093011683925170     
   5.4340865310033504     
  0.83476897982346943     
  0.35147085768824216     
   6.1633766149456637     
   9.1050415978859736     
   2.0681631584308939     
  0.74719207398275933     
  0.37711708992936688     
  0.19440768603486480     
   8.8861167441381426     
   7.3745262985076963     
   11.844273468700832     
   4.8524213357193622     
   6.6486209437050423     
   5.3859290547399539     
   32.532939410253384     
   6.2669099134337678     
  0.63742583504074601     
   22.249969251098047     
   12.252606419723769     
   1.0660095533262473     
   6.0631642195450333     
   2.2652443267330220     
   15.346566515340605     
   9.0319799170513075     
   9.2012385263351870     
   25.542970099746842     
   3.7067632968549291     
   11.371854568547050     
   10.582899917298045     
   1.6802424682836663     
   6.6052998768791662     
   21.616586048074112     
   29.335533613643477     
   13.536831682206312     
   35.254358881373399     
   2.4872644253035334     
  0.16520071221159668     
   4.6817272580642770     
   4.7089132171211991     
   29.470918020425589     
   14.493528582418636     
  0.27956704651759151     
   4.5418774249525296     
   1.8501348932585531     
   17.161951053537479     
   33.512474049315323     
  0.76781022702967627     
   1.7708426920483538     
   9.7709211943623462     
   15.116240930630040     
   2.1323235728254959     
   6.5215735344468060     
   21.678174300689918     
   17.545651098593748     
   11.524296784779652     
   2.2804886563806450     
   2.1761272199608910     
   17.768390430410022     
   12.937576674852572     
   21.186663747146504     
   27.682987734244261     
  0.48802991171253302     
   7.7999696615836891     
   7.9321495380710738     
   12.618855785159525     
   9.4302205232519007     
   7.5473595491882941     
   5.9041433983446066     
   3.3347280836142561     
   27.926478826819157     
   5.5506337076660337     
   1.9975765136440435     
   2.9804769071196224     
   13.477066111544849     
   29.621062127541585     
   24.603577034336681     
   9.4562358651450893     
   7.6575241135785079     
  0.15169901336492281     
  0.39619161358674748     
   19.854757321552391     
   1.5659272098467363     
   1.4971054850981289     
   22.436960929963064     
   4.3804858901997035     
   7.7107552440450089     
   7.0984930322992890     
   11.793999742005782     
   6.2938015164240602     
   1.9969447716356246     
   4.9387485532839683     
   5.2802736631575069     
   15.344542377210049     
   19.882454678453957     
   7.5147587631406134     
   10.426959722439618     
   6.6329609671141823     
   20.291709181742608     
   16.901007602651109     
  0.99412109018579009     
   6.1181901287012312     
   6.9670067838129901     
   3.7400946543862079     
   3.3267177975533935     
   3.4557328879789075     
   14.392506393183265     
   36.301343260704058     
   5.2084087015793017     
   3.4754573321767417     
   2.2946165294470395     
  0.88769502980953641     
   10.459084204892088     
   6.6315633682977380     
   10.718130203378713     
   6.9252891393196272     
   3.6463319542420374     
   4.4211550370236354     
   8.1689286519374225     
   10.023002558307962     
   2.9801011058317362     
   3.1471529113307724     
   29.413445686869871     
   11.409048270180991     
   10.892685842175723     
  0.79038535998597337     
   3.0231659322393178     
   21.250263040568505     
   13.613425687882209     
  0.97241923609079195     
   5.0751763924536490     
   4.9451109357183141     
   27.421759406984627     
   1.3385405907306402     
   9.7634307446516466     
  0.39024752282845415     
   2.9795261893109020     
   8.0501796001212718     
   26.437283514188007     
   1.0361697146146991     
   3.6219037450146301     
   16.640793840020450     
   4.2221632489175542     
   6.2484195389377586     
   5.8494836575409650     
   2.7282663396758995     
   1.0105247200563701     
   5.0382218181508946     
   26.577702817343930     
   14.122692953960678     
   44.446545472910557     
   11.069181427371417     
   7.1751377770620517E-002
   1.7644296887392859     
   8.9230818413576944     
  0.23109533140760544     
   30.094211208244623     
  0.78730756488581399     
   6.5664265943294708     
  0.71204877380828302     
   1.3865564860664032     
  0.44578132402088461     
   14.863215544751213     
   2.2895103298312121     
   2.9961156901735295     
   2.6310396936293872     
   1.0673199165772607     
   5.6854473086912307     
   4.6834294534625212     
   1.8471862684350671     
   12.096123351264259     
   2.9605211727556324     
   17.034451494373588     
   2.2260254711346086     
   1.3587199416349929     
   3.0018211725630306     
   4.1416157978538335     
   4.3501502214458014     
   8.8278974402169705     
   1.8400907604537988     
   15.318718067476082     
   6.8012221409079796     
   4.0031982422643964     
   7.6408430298257146     
   34.424123075835581     
   4.9539029977727829     
   28.656804478861954     
   27.923521352169619     
   1.3091548247327007     
   4.3828138382238118     
  0.64762341756453912     
   33.482106043477785     
   3.3320228965763348     
   11.521519493345444     
   12.974541590732381     
   21.625349337292064     
   10.158957548922059     
   8.1760599702513517     
   25.794753366828512     
   16.062574647884396     
   22.425413714276978     
   3.4785054463274054     
   17.331366486224084     
   12.531398600743472     
   16.710345473108838     
   5.1620264421888891     
   20.991757737930467     
   1.9601456139381943     
   10.305923520292472     
   4.1729600651271328     
   1.2496171543712158     
   3.7072572315613517     
   2.9256981692549804     
   2.3727179338736994     
  0.29699231107563734     
   16.961095789822206     
   11.160223270362028     
   4.4859742279110426     
   4.2479588047875900     
   19.114342371587007     
   15.298463210903337     
   1.3698583868694474     
   8.9482641818225108     
   4.2022431298651961     
   6.8173036238698401     
  0.12547927093608902     
   8.6030170951252085     
  0.64245595294535340     
   17.271204299091917     
   15.613017285135699     
   18.298874492484106     
   9.8274797796368851     
   6.1240867947494557     
   20.632220911744120     
   14.928449224376161     
   26.088342130013466     
   11.001343184841533     
   2.0894484300909957     
   1.3966457696761876     
   15.934408711089930     
   5.0536385324612922     
   8.5164923411384770     
   3.2376181906812134     
   5.7962958340386974     
   3.6386239730802563     
   4.4299919319480816     
   1.0218891434067836     
   10.539685657365423     
   22.266352634684861     
   11.471021501278912     
   18.596651641683991     
   13.276850312211707     
   9.9348671443284697     
   10.471794457026377     
   42.373528303797620     
   2.3660069105473571     
   1.3842561737067043     
   11.229576750856829     
   5.3124274913835903     
   9.2749371736540080     
   1.0431271181279196     
   18.619029633540180     
   8.8373723285809085     
   13.834545404188798     
   3.6317069501557619     
   3.2254216432982736     
   9.2074811142132020     
   1.0812139583119271     
   5.1864541270049749     
   4.3013044896519599     
   3.8575705331199210     
   3.9197723048904418     
   2.0209586417864682     
   5.1470521633288167     
   18.853945886488635     
   2.4499901780997471     
  0.77781957524611167     
   13.217719929715123     
   2.3376172781207596     
   5.3697348910999141     
  0.68066465537126519     
   26.518498542849009     
   14.365032634613177     
   7.7725329645271762E-002
   1.3691283787365047     
   7.3335241750440634     
   10.876634684614746     
   47.242603709869542     
   16.185087940336953     
   31.179050369082987     
   3.4898520539416578     
   3.3571597282557475     
   24.967129403795674     
   19.554235755672632     
   13.304247145481424     
   17.120137651659412     
   3.6474615386952127     
   11.276805124485554     
   1.9203001550284320     
   6.6603182293393850     
   7.3248657598762268     
   11.150002660724130     
   13.105421083841655     
   8.9685575282792307     
   3.1028138484371972     
   5.5688836630532101     
   14.829239610861638     
   3.1083690788879408     
   3.1647690153472436     
   7.8050419416822949     
   6.0789851454025818     
   11.757326824049745     
   6.5865007770376351     
   7.9482049781366380     
   24.528956360371438     
   19.684206161455190     
   5.8822487888479973     
   20.545520728714560     
   1.9798592128881629     
   19.194133710023657     
   7.5823007998772320     
   8.8959871763205078E-002
   19.315594877751845     
   3.5109004800108172     
   2.3885751604762770     
  0.34997693812327846     
  0.34487460186095248     
   13.935869320109443     
   15.202618142067445     
  0.75207980028516486     
   10.807064380319034     
   6.0245179877944590     
   12.403002536982598     
   15.167460456996512     
   1.3808231202676522     
   10.556026710409256     
   6.1273246238837151     
   17.241412145794236     
   20.643017544619305     
  0.79917247766707478     
   23.169678734547524     
   3.5996330037594051     
   12.950121064667226     
   10.662189653193961     
   2.4781329088373822     
  0.43144761116601199     
   12.549237046018094     
   4.5748051932676868     
   2.9204893126760139     
   11.346055268227564     
   13.001462729674902     
   2.6305310220189844     
   5.8851988003452362     
   9.7401278580411272     
   3.1033601277226177     
   1.0469147207491405     
   8.6516944148094286     
   8.8482192025671313     
   3.2860403558075757     
   1.9054678157369740     
   22.641432481199310     
   5.7185020815153562     
   15.458574583191687     
   28.209782327338630     
   2.0422985595911514     
   11.217967303052490     
  0.65564437835188794     
   9.1038386773356468     
   4.6736771727801303     
   23.305587150724584     
   10.912844665292669     
   6.2715512456508149     
   2.6052077183544813     
   11.548108973795150     
   17.697527508504741     
   7.0707534411219708     
   13.391684257145549     
   6.9742496348064975     
   4.6508259093712354     
   16.529387071411275     
   11.799739629103115     
   5.6597167920778055     
   19.005297731387614     
   7.6211239587415651     
   7.2673206385134179     
  0.46596153532902151     
   1.9639836700664735     
   29.135723043728817     
   11.771986046210607     
  0.83118263649734847     
   6.7040279751494438     
   1.9794000451093383     
   2.4869862004210694     
   10.515247919558494     
   8.2260081283342288     
   22.443706717474733     
   8.1563573163208822     
   3.4268134412880080     
   3.7559412348121541     
   9.0082058475466358     
   4.9391900375698370     
   20.012609652095627     
   3.4022381953610030     
   30.749811241284863     
   11.391000166091182     
   33.595555633771482     
   29.593344187995086     
   6.9742209019677848     
   4.3300546457358173     
   12.230192631218181     
  0.29624815372359026     
   9.2494487626742892     
   1.4089272129245449     
   13.321433204094886     
   5.9384051888389022     
   1.4552063645550308     
   1.4956489777613748     
   15.563833030989137     
   5.9860899458349177     
   3.3761257505182884     
   11.493329903011052     
   13.430041017964374     
   4.5341829658968411     
   30.986463247481385     
   17.953072246505503     
   14.087470382939815     
   7.8154025867391761     
   5.6359790534622771     
   1.8610046982173882     
   56.125193706542433     
   9.8583456163311407     
   18.512873711513521     
   12.580889732453862     
   7.0953564268030327     
   1.0507037585073131     
   3.7577636923890845     
   11.836117042492569     
   2.0768602254864241     
   30.396963506498782     
   15.876189610929936     
   6.0177004854440117     
   5.7319551149036849     
   7.7915735409817453     
  0.78343651240508749     
   6.2605672685702549     
   4.5507051920445383     
   8.7975897126678113     
  0.65221585183255437     
   2.1902685867278548     
   27.330553994973140     
   2.2758296974718677     
   32.207680348826372     
   48.228578947985397     
   16.534941734544223     
   6.4913204735014869     
   4.4895071277975473     
   1.4274698304598821     
   15.078078484258825     
  0.19662985747991601     
   2.8775010353374615     
   9.3892934843437086     
   11.605008207124310     
   21.088087691028417     
   25.941555340471226     
   4.6245619415490431     
  0.45414092707744264     
   2.2996083129072957     
   13.913357723756405     
   4.7748892599484529     
   33.158142980066721     
   17.860674817472521     
   18.714838195702747     
   6.6444777658005618     
   17.858498794253020     
   2.6301960572832961     
   8.3787000722529065E-002
   2.6636299428614207     
   1.4567259443155531     
   4.2608596738464168     
  0.19305614711371288     
   4.4247281956280773     
   5.3383398647702487     
   1.8967772503350067     
   17.056293178441713     
   20.710123540772543     
   4.1855180860577601     
  0.11785784543307419     
   25.706055921654777     
   5.9677127426048537     
   3.4846348664347202     
   1.0430239121397487     
   11.634804539761008     
   7.8552739178073221     
  0.40520003520835701     
   5.2245203837822318     
   4.5666976490610143     
   9.7716623130528433     
   2.8282221441566917     
   4.1833587799836760     
   9.8292571785806686     
   8.5918529472117520     
   1.3022217468558639     
   1.4192122098345843     
   13.648620176588039     
   2.5874129396102630     
   9.5844399774851254     
   12.034890905644462     
   6.2221336859983083     
   14.260320993871165     
   29.428449915272378     
  0.10040452368518665     
   23.900383789125360     
  0.42191812564662706     
   4.6101476200731151     
   15.166765081460845     
   20.665606095758427     
   22.157845002417783     
   22.977910379810371     
   2.5575110981052163     
   14.298439647157233     
   3.6773611831757833     
   7.3054079800048140     
   27.866798470252704     
   3.0663878611890838     
   6.0714653344178942     
   16.536386950880672     
   28.533345350049736     
  0.49851224655836368     
   3.7271488662619285     
   3.6124351851610759     
   13.076200114719246     
   4.0185589220944893     
   17.368954443417515     
   19.416239986146337     
   11.668119837116341     
   9.8942826001397755E-002
   6.4656407268961260     
   15.132978169150142     
   4.9785604060544228     
   1.7645292381077382     
   13.222853289871351     
   7.0659435234141830     
   13.864917911914208     
  0.83245481196185689     
   6.1252436703859559     
   26.178812516484918     
   16.645591945049954     
   20.682585772286664     
   6.9623517256830345     
   5.2960683932518435     
   5.6106970758094104     
   30.761845092458575     
   9.4737011333375136     
   26.651776218699727     
   6.0618877363419497     
  0.34279689256498258     
   4.7750160915846465     
  0.99343116732521219     
   5.2302547070399195     
  0.81538332557933146     
  0.33503521201203856     
   14.528164563132901     
   10.989730810560372     
   11.660863276040292     
   2.3525983601511387     
   4.0056357179128286     
   3.3065309536652379     
   28.278483231524550     
  0.38873788475325854     
   16.937165017895552     
   3.3912482044545902     
   16.286370698544321     
   7.3516740959471383     
   3.5953829124756256     
   13.501034347896049     
   5.1086353303861518     
   2.0494658946382533     
   6.8258966629055067     
   3.7446563392937922     
   8.0973686869002393     
   3.6123633323279951     
   10.284883317882068     
   12.377166504370527     
   2.2754525245742698     
   6.0974628851213684     
   8.8574069699620583     
   10.526239902662965     
  0.10770657864303107     
  0.53519789889367186     
   19.737124034809248     
   17.952182216846829     
   7.0493272385812880     
   32.367015333501747     
   9.1290413412256513     
   5.0418250840195347     
   8.9258870977980624     
   30.574265361408926     
   26.813491218110201     
   2.4318854258242766     
   2.6865844539293802     
   10.717371219428074     
  0.65033282590612074     
   2.6643550325682503     
  0.71641732939413538     
   33.114370057205804     
   1.6910956489129756     
   22.748805257733213     
  0.90284971239524281     
   27.850601192415155     
   8.7330680751559306     
   26.672663542822256     
   22.355584043787808     
   15.535385051251495     
   4.3436840262374705     
   8.0022461745145517     
   17.516048115853430     
  0.70233263797761614     
   24.327043448476317     
   4.4845031768125132     
   14.487608523349779     
   11.801780409805808     
   6.6538881306900075     
   34.042571536664028     
   6.5065361026842581     
   12.434955599563160     
   3.4758083411757710     
   9.7870672080083079     
   42.545824380037949     
   4.4390484769047953     
   20.290766031911676     
   9.2966480832508829     
   7.2524098393684131     
   25.396211485208234     
   50.881667951549204     
   3.7848480725145683     
   24.661222795306742     
   19.803011211726016     
   1.8881287867707208     
   15.569034662156993     
   3.4752514576309452     
   32.645853642065589     
   14.227518666415438     
   11.382111097942254     
   1.9848416668468538     
   12.697803051910091     
  0.29656005451951517     
   1.1859452443510601     
   8.2795895097262626     
   4.2557790646918221     
   5.8531046609408719     
   9.9326846245008831     
   3.4212832746259307     
   12.492589970489654     
   1.5630639832607822     
  0.22714587319924068     
   6.2415589853145104     
   3.1045893652359413     
   9.4996265527543979     
   16.186928631527707     
   8.4183087324224246     
   7.2657970025529570     
   16.474418102078289     
   30.477257095449545     
   2.5953497581352032     
   24.100574706150763     
   8.3226414646024889     
   22.719974815067800     
   1.0275603486423182     
   2.9154842133074506     
   5.0015526999258491     
   9.7317266046178297     
   27.085018678771110     
  0.43859695289566214     
   2.4859406332580187     
   3.3102184792330140     
   4.9559691587591175     
  0.58461897974872346     
   5.1327734453175555     
   6.8699776157508783     
   10.941784870324568     
   14.812887338629215     
  0.24270146633475795     
   71.727226447664677     
   1.1546272803020079     
   13.527402297628388     
   20.629124898727397     
   1.1879077234221231     
   6.8012833277587372     
   4.8277867032640609     
   33.764028008999063     
   12.217337931250139     
   10.865187344482086     
   7.0648271798778737     
   17.437069035032561     
   28.836902751904038     
  0.21266405616661255     
   10.626239637544963     
   4.7579428857973207     
   3.2428234602192365     
   14.644608862504004     
   1.9713970572875521     
   1.9864584455235530     
   29.454716261918289     
   4.1056235321676056     
   3.6177674215992623     
   35.055897509109649     
   3.5907317480127281     
   3.3357131797101784     
   1.3435434337311316     
   36.143338412276613     
   3.6622918671616582     
   35.523256712355526     
   4.3149020562900873     
   1.9155460993337718     
   22.006524677108242     
   29.953661296553499     
   4.2328899629180974     
   3.2631958676139790     
   6.8900585391525535     
   9.8708389525000211     
   11.184087743205517     
   6.6090020726651266     
   1.0464038003550595     
   16.338712486324056     
   13.381572683443403     
  0.47086613251893500     
  0.44780574169607817     
  0.28593880107481195     
   14.865534617554140     
  0.90351775603231044     
   33.185565751561718     
   7.0312309405388396     
   25.052723513827647     
   10.626294835502087     
   5.2880101255941749     
   5.9846931329951571     
   53.009204678648771     
   2.0556749103223564     
   49.712944985488498     
   6.1827632160666743     
   1.8947282539542156     
   35.077755267576507     
   5.2077223926986971     
   9.3612928949569181     
   2.9928894951144986     
   2.4007195122181124     
   1.0538133776384637     
  0.17896338615658200     
   1.1719050265109590     
   8.9539071457595369     
   2.4290094566849438     
   5.8722887333794844     
   8.4567911701448839     
   4.0263265745099233     
   8.0616944004181708     
   8.6577107713223551     
   18.489474474088329     
   7.6012601407877511     
   25.471833265284030     
   39.327897852667753     
   14.649683706241721     
   1.6428264968097888     
   2.5794083568450215     
   2.5365373251551393     
   5.6787770857279192     
  0.23897207001533641     
   21.304088329827266     
   7.3571359511437908     
   12.194526749459939     
   4.3145937328793602     
   18.322308115041363     
   27.689295012900700     
   12.468487569346227     
   7.3027650004903375     
   16.005130804997080     
   6.2865074118701063     
   10.387699857227521     
   1.9622457735754497     
   7.8674250390422262     
   4.2368881335716218     
   11.349652039774568     
   11.183299853363781     
  0.52960551746218187     
   30.031708745870780     
   21.188627754243083     
   4.0509884504388065     
   2.6000919927377741     
  0.60588204041612292     
  0.73953122106537494     
  0.87464474923289903     
   8.3516072988282879     
  0.47671831739950521     
   5.5040129391133066     
   1.0067798767540754     
   12.221974403212752     
   32.453121111341410     
   3.0268730386174885     
   6.6347290706241235     
   5.0669260731963552     
  0.38523362669694777     
   1.6295979249323311     
   4.2680506647106746     
   23.999176755161077     
   1.9683108646651863     
   25.160048462041598     
   3.6136156984804337     
   1.1511785205036409     
   8.6189343064428545     
   4.6495657263697394     
   6.4631605540449453     
   9.0400427866807131     
  0.97013341970283351     
   24.493441285853127     
   12.536792731458986     
   5.1297146641224165     
   5.4016707149124361     
   4.8952117145011007     
   10.695767831272571     
   9.6277423607319896     
   7.9862415722950653     
   13.267231503914559     
   4.2100531326204296     
   1.1758489964506362     
   6.6642590557245747     
   25.848927379185934     
   11.535028299719567     
   22.561817792258129     
   6.4454895041158018     
  0.21354572135507210     
   1.0724728475600167     
   2.4188589743947113     
  0.59250100318913934     
   22.306607949022247     
   33.159128107920694     
   22.437163237391687     
   4.9562274589015489     
   3.8757822683818866     
   1.2288315641262944     
   5.8986028935867916     
   1.3050058106753544     
   2.7410218711782539     
   5.2181505357338756     
  0.13259188639479552     
   4.7601685070042450     
   9.1978046699132161     
   9.7660767714805790     
   12.560432603773146     
   13.019205078017464     
   4.3032364399177654     
   5.6919913953909358     
   9.2035483683067891     
   6.3439800583479524     
  0.13598695483078560     
   8.4621308918624377E-002
   9.8413123277193595     
   1.6840168878069628     
   18.670227146119039     
   25.605910403690352     
   7.1238984312938562     
   10.830719511930493     
   26.240241636976190     
   3.8417057504084831     
   1.9455668900287626     
   6.7297345582489241     
   2.8744876735345133     
   16.590583562641680     
   3.9319914423685276     
  0.54439793205473530     
   7.1743906797804691     
   1.9686592112526589     
   5.1448464403662548     
   9.9890352400748093     
   3.1303665870653372     
   4.0936715949856861     
   35.344579674522997     
   10.977374368586934     
   14.497297718320286     
   7.1948873157229354     
   36.554608961564846     
   7.9373895121281617     
   11.972957424734032     
   1.2906781922739698     
  0.93820768097848473     
   1.4659807841753716     
   15.565042734166763     
   21.093510333048844     
  0.34897453210108981     
   5.2152020873635863     
  0.77052407309401749     
   4.9066155689939022     
   5.1343828672915528     
   1.2253247825381846     
   2.6508297221789583     
   10.261804747620896     
   17.493221114087270     
   5.1665938465461068     
   6.1660794668683572     
  0.51937181608631966     
   9.9115729114311897     
   1.4673004482206378     
   12.130364682190534     
   5.0093400383437379     
   8.1643049207846268     
   2.2094393824116954     
   15.836483853587154     
   15.355962552321170     
   64.431134890503458     
   2.9310471760937000     
   25.417357075430349     
   15.772421898069952     
   9.6249891057397736     
   15.330616799424462     
   16.671397597259240     
  0.72488844266310637     
   2.3885146119917753     
   30.479567875247540     
   5.3053732235024160     
   9.9792645970363125     
   2.4624015293723813     
   4.9870050599369868     
   15.393235133154718     
   6.1606744933664253     
   1.5489355008809860     
   11.998575956799915     
   1.1728379258501884     
   43.654525579342206     
   5.1368413211277364     
   8.8209253214938048     
   3.8266875468067649     
   36.900016044853182     
   3.5212260305637981     
   5.4824976700516039     
   2.4650674680563305     
   22.520501379453549     
   2.0257455709927976     
   36.460605533715416     
   5.9036787039327319     
   18.930807597515514     
   13.799392846582563     
   6.2569427951770322     
   1.1244341900670982     
   6.2077346948130963     
   14.285498411494061     
   1.0665135188720862     
   2.4278848311536647     
   33.284768778144425     
   7.1727736694141564     
   19.228111160021093     
   22.651716108185592     
   2.6025350902264228     
   2.5172847676006271     
   3.5864410722474021     
   2.8237467892915231     
   11.131406869635335     
   6.4037749663728425     
   1.5273218188779023     
   8.0423114897089487     
  0.15274962170200637     
   15.052051562907501     
   3.8787616334899826     
   7.2412437716335907     
   17.720096881050363     
   32.754253067491149     
   11.521730781888632     
   18.272486355091715     
   7.0224645231046949     
   9.6531880647932908     
   19.456586490831306     
   5.0448057646908850     
   9.5544812305770517     
   4.4692975775070458     
   5.6810238437160967     
   1.7562302240881622     
  0.35620348765404369     
   1.4476697943299701     
   2.0271324572121014     
   21.027675195712348     
   8.3094541030603324     
   2.8151527677547987     
   14.985678477296741     
   6.5455346637389908     
   18.346110335290923     
   4.0882625351633770     
   26.892707444755413     
   3.4656003620088009     
   6.9156533297555622     
   2.2196651611588161     
   8.4087803110994415     
   9.4240576248667516     
   6.8422825614801495     
   2.4249522811497650     
   1.0145506719344042     
   7.1352796835164298     
  0.38382879876933401     
   21.264746748931408     
   10.553327603290384     
   20.959652487573749     
   8.1579635818378691     
   6.6534382713405451     
   8.6075212048490837     
   3.0669645534895591     
   1.8329344157970098     
   14.816506044546060     
   5.2018645965469945     
   14.253972070742753     
   4.8351730429691280     
   9.8138380941898138     
   20.529069183159933     
   10.052491519373577     
   5.4590406054202667     
   5.2424259021767057     
   2.2094780403795262     
   18.726247015522969     
   5.7067586888837427     
   10.134459459522260     
   9.9580544207375379     
  0.64495543138612554     
   14.433354238063480     
   2.4677310661598408     
   4.9894314696517030     
   3.0226853028146730     
   3.3389653513622970     
  0.40447012541644206     
   2.6356033870923099     
   52.313954755452663     
   1.6300890152216247     
  0.50541880634720238     
   4.3024922099452274     
   9.6645438480514851     
   1.2976629885511577     
   5.1398265450885319     
   8.8558693088225464     
   8.8156389716700261     
   10.175235074378728     
   6.1064467343282249     
   15.542681239007120     
   28.519377135792393     
   11.819287699918144     
   7.2929712811413969     
   19.858074177724149     
   24.106310493637764     
   5.6232694117657678     
   4.7711523806052716E-002
   71.379099690320629     
   10.470483304586045     
   2.3998162815614861     
   23.360240223405558     
   8.5461324708230944     
   6.9468329859762692     
   5.1062473655585459     
   15.022803826130888     
   5.0244915862234958     
   38.382566432609330     
   1.3649106861508731     
   4.1554312979931254     
   11.665317629325784     
   7.7637271007288842     
   8.5552374222691032     
  0.10680768761609351     
   8.1868827248096903     
   30.017499083791584     
   11.872306836756156     
   14.918312161093052     
  0.99141960292954323     
   4.2482577880985097     
   1.9489010214409366     
   1.0631321313491717     
   1.1136695719001484     
   3.3708072287414916     
   3.6532762821010416     
   6.1751296211575024     
   2.9825810128158108     
   4.4807817118113364     
   14.683685497996969     
   4.1030321942302406     
   5.3254747765486226     
   6.6927450569038092     
   6.4611859571815966     
   19.478049866447879     
   7.9093975375887897     
   5.0682478833024494     
   4.7426455568558250     
   3.3991194538601306     
   2.5226835308015181     
   4.3573320080957902     
   5.0575241022827369     
   7.1940599856317089     
   3.4888279999950882     
  0.71927866638552529     
   5.8522827579095562     
   19.727759164392566     
   10.446688268466186     
   1.7261284632725089     
   7.5235680621220062     
   9.7923026656926062     
   3.4673234502660364     
   7.8676554354497288     
   7.3554045484196706     
   3.6941468759214153     
  0.33391350992285712     
   28.540378164623665     
   13.145089649531057     
   7.6838420665024838     
   8.1169123980260185     
   23.902804015987904     
   5.3093903028317326     
   9.2732616370866250     
   40.065083587930744     
   1.8353460302814781     
   1.6133662375647901     
   1.6217353465694515     
   1.2505924553475734     
   14.149007533546287     
   13.767055098315470     
   14.689142744439057     
   5.9105695819271888     
   3.0817820417414321     
   6.5583659284239681     
  0.40911365744477257     
   12.909803666255762     
  0.62604306917640751     
   26.959262610565169     
   20.113732714958466     
   1.5608063203670870     
   15.085307051092824     
   12.283544283736045     
   4.3366150300036352     
   19.345994069427583     
   11.741755625530601     
   5.1348131526903620     
   7.8952050923014170     
   8.5214104271632749     
   16.197883539338044     
   2.4209301606482239     
   15.590287668590285     
   16.799604888937644     
   6.7814078917746956     
   5.8777846333663089     
   12.174586402609105     
   5.8077315303697112     
  0.63836100656281203     
   4.5602328947279407     
   13.569173105347840     
   43.327323309560839     
   3.5281755993275272     
   10.017015210783725     
   8.3084088395941578     
   6.6004872252806148     
   12.240947250682604     
   4.2283511732047074     
   3.2840237337354190     
   13.190861979363170     
   1.6698828330029134     
   14.223128095392688     
   23.129054225556285     
   8.2094140884013118     
   9.9861677637417792     
   6.8021164475173599     
  0.97936922458132281     
   49.865386961919668     
   2.5147888250274644     
  0.42735354719040947     
   1.3344829017291160     
   10.661718793195785     
   29.693388228147818     
   1.9488227971100693     
   49.236904381026676     
   15.109908211985548     
   18.516199237231575     
   9.0586533857113434     
   13.805668144675558     
   1.2530459875410096     
   4.9877784631884534     
   8.5512726097872811     
   1.9529463430064340     
   11.902088505681794     
  0.23491210206090191     
   2.4759948696921259     
   2.7468879803877133     
   22.857530999819563     
   14.768541460756799     
  0.40599207242905810     
   11.656387960771443     
   20.011710097903496     
  0.86188694550587475     
   23.496232242206403     
   7.4810043979445373     
   18.497930096216699     
   14.614676412071493     
   7.6016374509841969     
   2.4739855296131088     
   9.1679189407893844     
   8.4771176121279428     
   41.580594480310154     
   1.9514624820206186     
   10.321297752728483     
   8.0316493155541231     
   49.113415852847268     
   2.9881148356362552     
   3.0532819412853414     
   2.6797280986631051     
   18.794474902729764     
   1.7856796046807365E-002
   44.758806608292502     
   13.313414181967755     
   22.337384622616014     
   7.2390799124018947     
  0.69402371110491534     
   22.217414729915244     
   15.360857743281526     
   14.656732933982680     
   22.018050590681728     
  0.96274356211630618     
   10.048570259778289     
   8.9640648633316097E-002
   42.887416809696347     
   4.6739016499623194     
   1.4957597313230722     
   29.663709662095936     
   9.4699081537467737     
   6.0831107495204844     
   6.3306708671115857     
   1.5318781326322519     
   1.3382271443867002     
   1.7391620034425170     
   30.053109312376542     
   10.928634071197781     
   4.5760748281062131     
   9.1918670009106034     
   10.285530151647681     
   1.0371508650235959     
   15.683885877982629     
   13.844868754285525     
   10.479413411803886     
   6.5158769560145648     
   22.671762829260995     
   12.845275409987575     
   1.4678775108642614     
   7.8059266027015841     
   1.4937718914699722     
  0.74561730622884748     
   8.7391050378846948     
   1.7853454332211738     
  0.26908137831713402     
   2.4366298461253537     
   6.6694926824756262     
   5.8070624908140953     
   5.7118562107461539     
   6.4973409391579739     
   10.395099916334354     
   8.6169475017544599     
   32.380312360024028     
   6.4607446835384135     
   6.2862213016282347     
   4.9588891216579771     
  0.47384054435092865     
   16.669124631774540     
   4.3243325340286471     
   6.2853451399311382     
   9.2558538821773375     
   5.0599400039091682     
   32.340050604580021     
   16.982764637274038     
   4.2263354028879956     
  0.63184203857467147     
  0.88896399210104116     
   9.1879762421306985     
  0.33500316163476240     
   12.619302114667830     
   17.161911261649053     
   30.653086914743128     
   1.4491634253193619     
   4.3882034543607702     
   23.444536567562654     
   2.4641553564181145     
   11.858631532836949     
   14.227835178452812     
   16.505857590267183     
   1.1624629799828654     
   6.3348297714484660     
   19.230247764052073     
   5.4558927389995997     
   4.1579567562697379     
   6.7313656169755625     
   10.488650935852174     
   25.452273936962939     
   5.1792440139590470     
   1.4257842162110481     
   3.9395789843920181     
   10.691051343169637     
   22.666080376957439     
   13.194036885502694     
   8.7351294851962447     
   4.7270082113897676     
   25.183746696061256     
   7.2880681330442156     
   21.991507074864160     
   1.6232131404754138     
   2.6021948763246310     
   15.316864994126579     
   17.099487460415801     
  0.34661705194762149     
   8.6673717039795015     
   11.167132643904328     
   1.8091244721110784     
   5.4397164114852705     
   8.5470235378764805     
   1.4931545787262681     
   1.9422686132832911     
   25.612979756182057     
   5.5487565587507017     
   4.6006515801676784     
   12.372638291100602     
   50.720658569747414     
   9.9558087639444750     
   11.064357620602207     
   3.9687280583773759     
   10.454383061505094     
   12.272206907722133     
   14.551175610931413     
   12.114546420583405     
   6.6625971280238891     
   6.6717690269920791     
   5.1677969834171673     
   10.904391738398303     
   11.840580050423647     
   6.5973554010550552     
   42.276133201835499     
   18.114800838961514     
   7.6755171603706227     
  0.69362761163687625     
   3.1547460303174875     
   3.0284866560026180     
   6.6701430137499615     
   1.4296255537774902E-002
  0.11563140054135333     
   2.5163034873603092     
  0.18803080279739123     
  0.73640487588370507     
   2.2760512183443815     
   2.9791311541005272     
  0.60452185545926718     
   25.635579614001927     
   4.3930632526083633     
   1.8882526127100394     
   32.516727605374307     
   5.3599584320165157     
   6.0881759198794017     
   1.0469517833476047     
   10.020047399732455     
   5.7209309951460474     
  0.93303970055938434     
   2.5844733742124819     
   16.190189772534769     
   10.664239537410383     
   5.2219960721964265     
   19.027331416700505     
  0.66888590773431300     
   5.5641121793786450     
   1.9146625446251355     
   10.872383710133320     
   8.7698890467414046     
   12.884667049042173     
   5.5652518037447152     
   3.1954530027908454     
  0.68239258947210701     
   10.236137940068771     
   4.2447434761729932     
   3.7785145136989873     
   9.7804585811634368     
   16.693079857724157     
   28.515124425657842     
   3.3011796564783449     
   6.4388646613497365     
   1.9267850259137329     
   6.4816241465365785     
   18.442869771887402     
   1.9369311271587930     
   7.6706590295050816     
   3.2200872436166952     
   1.1208678100823291     
   1.1205237763669911     
   8.8708976503080947     
   54.683136122057938     
   1.0850160169692116     
   1.5186233595780574     
   63.940023491118289     
   23.739446148822807     
  0.60516519735214014     
   27.828184805569016     
   2.9243278268796620     
   6.8125009652067261     
   26.387941501386869     
   2.0585099153904651     
   20.481299601423686     
   3.6185205981216000     
   19.251557217098643     
   10.548472414837324     
  0.40102239431325620     
   10.957869703631447     
   17.089514118842747     
   1.7739762829315678E-002
   15.597646725693156     
   5.3270139769187939     
   6.4993849501238876E-002
   21.584436964542885     
   12.506594695107761     
   22.102670734778105     
   14.164947532609805     
   2.8440711921308908     
   5.1432433087528953     
  0.23107337210867801     
   24.549259865816538     
   15.810483037218725     
   16.324808378466564     
   1.8948262273457961     
   1.1257949245029297     
   7.0158069894556787     
  0.78436223073029121     
   23.687754700449499     
   28.945944709799218     
   2.4272648214339019     
   1.5844674021921210     
   14.237612420426728     
   14.515584465223339     
   12.619748464098031     
  0.36509928372291189     
   8.1271607495454958     
   7.9922151123940406     
   2.8639956747453943     
   8.5791943046205859     
   1.1212518616989136     
   11.382006917865501     
   1.3259260046533969     
  0.67690864111141091     
  0.30089574618490111     
   2.0394242926665878     
   13.320087220926677     
   19.231520157360350     
   13.193305497542084     
   2.8903784440754947     
   17.754391532262161     
   13.656184000209183     
   6.4222197682814999     
   6.2966069815959660     
   11.893360060820051     
   8.2168237747230375     
   1.1767688541817438     
   19.751737706771856     
   2.8378881517723400     
   8.7271203487586551     
   13.998836310140661     
   33.910362826712664     
  0.49900595113591989     
   1.0548783928437546     
   9.8782310498209398     
   3.5963291189314068     
   19.019454387419032     
  0.93363123873680265     
   1.4168219613774840     
   2.9625569573676751     
   4.4934336213491992     
   4.2591768011605255     
   1.8712164829977049     
   2.6997209979866090     
   7.4703351147223689     
   4.3080771193209513     
   12.770485046241456     
   2.4523328907737070     
   1.7003524489219033     
  0.27811079510228248     
   39.736183724752827     
   28.555992134219611     
   2.7385603851902598     
   3.0466093154760459     
   34.513365932425188     
   1.8004572515514821     
   2.9692282578418965     
   11.922843256022372     
   9.6885191150141754     
   5.7130423479692682     
   9.2706946328387794     
   3.2135325610349796     
   1.2600991911271939     
   18.984346940539361     
   3.0473756486803616     
   25.162705069038786     
   10.898001782821913     
  0.85091567256640177     
   39.503600530375451     
   7.0050075487081198     
  0.73804236336558970     
   14.287070375616720     
   13.177237385982165     
  0.28589954766485587     
   12.396634041458247     
   11.476195803661476     
   9.3020680737218449     
   1.1439637850166606     
   14.518425063397070     
   18.122784766441420     
   12.933673899964891     
  0.80189743273186387     
   1.3753584007512916     
   10.523992732363423     
   11.850034495398701     
   4.2135770736581319     
   1.0245324514228453E-002
   2.3891503893645520     
   15.817623336278682     
   3.2005772612437209     
   3.8248944264072082     
   25.220617030865647     
   6.9429367722731392     
   1.3966567358690598     
   16.824336754338873     
   2.5717030935656555     
   2.4418421788108717     
   4.3389401451201834     
   4.9144150396330559     
   5.5125534104005416     
   4.6766833022626848     
  0.69382182618978772     
   8.5755403446992879     
   6.8935874198477016     
   9.3023158804060504     
   3.2003145832547424     
   72.502307590748416     
  0.71123212199577734     
   19.156157882259158     
   1.6567872714158949     
   1.3008802406519657     
   1.6247388342553657     
   5.2203403412537437     
   2.2353499201472049     
   10.964519289954001     
   8.0636860233277758     
  0.74702764944167366     
   15.225914154838859     
   9.7892181734288872     
   4.2168514554297838     
   9.4178312640406663     
   5.3889037603661460     
   20.960525132765497     
   13.358967772094674     
  0.71422769164750544     
   7.7637685584443474     
   9.3610922605265241     
   1.3584632150572507     
   21.150270550000975     
   8.5356193930603279     
   39.722120717639790     
   6.8998883567859250     
   24.888808680238739     
   35.845446642231039     
   9.6354380130684341     
   6.6258778030264693     
   13.153720980375141     
   5.6562238937091447     
   7.2424832837396043     
   18.105802845767190     
  0.66209736990909385     
   13.881290050865271     
   30.546156320411303     
   12.290305620229178     
   11.260986073434536     
   8.1991027880581839     
   4.4566610964037572E-002
   13.343428189931636     
   2.1488353463442289     
   21.460533368675875     
   7.1219104732580130     
  0.23961429650490912     
   27.384491617810625     
  0.86043952362287657     
   11.216064200257236     
  0.19598795417805137     
   2.1519570705546065     
   1.1896262156105695     
  0.59601033756110722     
   5.9640153791205650     
   20.597675003877292     
   4.8362828180977315     
   14.868803315060021     
   4.0121433072444805     
   9.2940569519720313     
   15.788861432200248     
   3.8458587139893248     
   27.003028371096889     
   17.138276351545596     
   16.279835052315310     
   4.5728577284783443     
   1.9890935407018011     
   8.6722283727746987     
   1.0744211454731396     
   1.7121272029955537     
   12.529904456908064     
  0.96889877072247743     
  0.30200392141089832     
   46.552066250928384     
   1.4268153494232365     
   17.532703634556487     
   25.235831537501650     
   8.0561487798083835     
   5.3530578823465325     
   10.975902338583447     
   27.840602137438530     
   7.9240524846767544     
   8.1838881399048837     
   13.194063644613168     
   9.0190105777807617     
   14.380135868822999     
  0.38902541729279050     
   3.3151229036566674     
   3.7191639472315989     
  0.57520258454668949     
   6.2872674319528858     
   3.9876479752314524     
   8.6965919277368936E-002
   7.5621786673411791     
   1.6049873313059069     
   1.7588991452842819     
   15.933352909635929     
  0.36376403884443576     
   4.9891566040315247     
   39.681310780713950     
   2.2634772007435537     
   5.3817545182080959     
   20.056184862532596     
   1.7938768959291871     
  0.16518374492706633     
   4.2371576488447777     
   35.979080076210707     
   16.657490091275697     
   10.634812770618140     
   4.3560566709037545     
  0.10530891229585233     
  0.70033786580850743     
   15.572066425557871     
   4.5244888728150334     
   9.0595618186239015     
   4.5450056951328976     
   7.0572770111137402     
   8.1754227493120570     
   6.0379227454394355     
  0.39898013086782252     
   4.5565884352156649     
   19.428677922786548     
   11.578160962217019     
   12.772349073177766     
  0.94690030835488415     
   5.6975998082412724     
   27.091532567542359     
   14.773491578501496     
   28.084213216747635     
   7.7359941625181170     
   1.0717164581592460     
  0.73974173262644660     
   5.3377787545851385     
   9.6992862034629415     
   3.5620802502567281     
   9.3915496066765733     
   1.8548435958225578     
   5.0617513244300536     
   15.971526367646218     
  0.52616715226035393     
   6.3460215886573774     
   17.939214000066887     
   21.486009113146416     
   7.1667085468074951     
   20.779796743274193     
  0.56135560443648180     
   6.5328160639862958     
   12.836183193107669     
   23.806861383939889     
   8.4837816197478375     
   15.163419262833832     
   10.173949042823018     
   11.235573528318577     
   11.755009294711039     
   3.2850303382539363     
   30.165380015963823     
   31.384160083630025     
   5.0319458435071649     
   8.0646098865827867     
   14.418200717519777     
   2.2032114540102299     
   5.0973045189613719     
   13.960049383828736     
   19.493361255337160     
   2.3875246962654897     
   10.363663891313205     
   20.079082596333095     
   4.1666580310836556     
   1.4482898170119762     
  0.88189164508569284     
   12.687826296242640     
   3.7895242556296918     
   3.5189614264852231     
   13.638189621395554     
   13.787270496506673     
   4.0687933378166665     
   1.8462972622860003     
   6.1346928316783247     
   7.5695456442113072     
   31.548849073992550     
   3.5000036318585899     
   3.7617916338564408     
   4.2196360685337861     
   11.337539416111088     
   1.3169086114130120     
   15.449472847754805     
   11.366094998118662     
   7.9159093653596120     
   4.4328031149788796     
   1.4200970213854147     
  0.31551830093593802     
  0.15092202152113088     
   13.965761487237300     
   2.6473401824505012     
   1.5481811690745619     
   9.5168652449828386     
   1.6380697947350089E-003
   14.087645943710180     
   9.5107906757570841     
  0.57068071304101209     
   3.4298098056992403     
   21.676299249901799     
   6.2376566695276008     
   13.892761735229556     
   14.384435177082317     
   14.038278934651405     
   3.3262389803912980     
   12.463760283864509     
   2.6497606687874251     
   3.0768220612850321     
   4.4022271037101195     
  0.97873290526240098     
  0.22522171783714690     
   3.5959636061861588     
   5.5093638387420718     
   3.3241676952611892     
   2.4339593121365186     
   34.052908122635088     
  0.58905359204565744     
   5.6260477428100657     
   10.897002170259567     
   7.2528086823299587     
   2.8181293381862531     
   7.9967970674204345     
   12.439611383797500     
   7.9752155355409240     
   4.9698093518016515     
   2.4836358800764882     
   2.9975538213390402     
  0.25037955961248964     
   8.9348552277638156     
   1.3515095247961406     
   11.262133032743737     
   2.0188752920326549     
   7.8166476277398802     
   4.9253218989912240     
   9.9755788216303092     
   27.041890849496745     
   2.2323331993832389     
   9.4126842940985540     
  0.43446261062431679     
   8.4143978290562451     
   11.450238637891934     
   13.523078088861233     
   51.279812848059137     
   4.4841111819449821     
   4.2490782150528030     
  0.83776549548920620     
   10.972530348784629     
  0.50510533824011150     
   18.956200270113342     
   1.8573207869473627     
   19.252815976307026     
   32.018973181494921     
   2.3737849814945080     
   5.8640312574511908     
   19.093870084564159     
   11.668962184202128     
   5.9405987669319522     
   1.8911788066886168     
  0.32649126023150055     
   20.766606828504823     
   3.2173372399809388     
   14.063739547156933     
   15.233819176907318     
   7.4173089555197338     
  0.17039405398910362     
   31.742938942254085     
  0.75077411693670981     
   9.7481064281399341     
   3.9731469541580227     
   10.240325974232928     
   20.613940176511427     
   20.251306110311837     
   20.363010699140659     
   7.1440287033396377     
   2.7187213088079814     
   21.368784672009529     
   5.0027007545446276     
   15.870429430176181     
   6.4088739914022606     
   10.777256969819486     
   5.5135588948431717     
   4.2212068451115012     
   5.2574429533387104     
   1.3557079160386767     
   18.104316112670940     
   10.554608560763318     
   9.8946219435390041     
   8.0882534920651334     
   6.6305916431841263     
   16.972750787635938     
   3.0594474838663315     
   20.416055682693504     
   1.2216979994872950     
   18.395775965942146     
   9.9052795359000552     
   2.3261539818364305     
   1.6795176494281314     
   6.0702402897787975     
   11.646442339789466     
   10.551238693101473     
   10.663235318651909     
   17.304636859721057     
   14.446185075858818     
   3.6639219330075479     
   20.494432939974345     
   1.6079241901227608     
   4.5616097854625508     
   2.3419646045609133     
   2.1923078029100909     
   11.634445846427361     
   4.4474362513237464     
   23.853655702604058     
   17.711040598301572     
   4.6791002768199021     
   9.4913571038282498     
   5.5107661320937975     
   10.288891693506521     
   1.2499872712430895     
   19.512403484203688     
   14.512592019599396     
   7.7908356432831312     
   7.1039929502301629     
   2.6867840726576158     
   24.883438704590468     
   2.5523150759002924     
   51.624293626556302     
   13.261689160313569     
   20.385615654421155     
   6.2179192581599638     
   31.184008574745299     
   10.878099249056252     
   17.212854944936680     
   3.6384798910934864     
   2.0998815985737953     
   4.3330585027917223     
   39.156305791227489     
  0.74798083554401706     
   3.1383091673600383     
  0.95313231566793988     
   31.799419795781752     
  0.30553812519133605     
   14.107875564537867     
   24.875948529713479     
   1.9597772612360898     
   1.4342481526335826     
   10.576025523730303     
   1.5517027992276042     
   11.468904489050891     
   12.492989120632528     
   4.1655080309196526     
   19.676255055218341     
   8.6076057820069920     
   3.9280991864604315     
   10.151072151373800     
   14.222426178318464     
   9.5014206070413731     
   34.362523603303586     
  0.71234831485765393     
   9.0966419544657935     
   7.0140567555257149     
   9.5597513359957329     
   14.617463028720486     
   9.6001691405246063     
   17.746429076366510     
   6.4518687563148633     
   10.364551091236898     
   4.9823619721963563     
  0.45702800984760122     
   18.287230194720060     
   6.6629081381779320     
   14.159317015254320     
   30.990216475433602     
   1.2448716870204160     
   3.1002941963569306     
   3.8630281161564541     
   8.1647903930278467     
   8.1506727778695112     
  0.66003929447744047     
   7.1930320376841292     
   6.0323773765957043     
   28.573789461021853     
   31.779947042883087     
   11.113758351800362     
   12.726797165875933     
   11.913531639697879     
   20.265334552743933     
   39.251029422911159     
   2.6108213253402242     
   30.423456628049465     
   26.018441339052110     
   42.537432301666946     
   1.7451755748833544     
   5.7610404597714293     
  0.56823253490237247     
   5.1776473628413298     
   7.6308354465583959     
   1.3941238647254797     
   1.1702565809712633     
   1.3402497275430245     
   1.4208857237601888     
   2.0418628342670626     
  0.82908428928779521     
   2.7953504935865432     
   10.160722412469102     
   10.011005493812375     
   19.300093126796728     
   7.2924620722467424     
   6.0041402531988410     
   28.436220848452152     
   8.9749489657252042     
   10.415042618906178     
   5.3964221043135021     
   2.8633670761771226     
   15.304068311361007     
   1.8403544225948540     
   1.6480795343962087     
   12.574482427236040     
   5.9456440950781726     
   18.967474855061145     
  0.11251087015126895     
  0.42072944319527827     
   6.0030581406272221     
   29.254134027273114     
   5.6682190366111058     
   32.636623831619275     
   1.8081959920708037     
   1.2423877643321577     
   8.7611534681240499     
   9.4263950399166401     
  0.27853980336639572     
   11.553709404417862     
   15.772375725221897     
   9.2687186089899356     
   32.765359972583489     
   4.9395768407064287     
   3.0001153008842172     
   2.4138103574430376     
   5.0217060428994467     
   1.5401459181541473     
  0.41664224967789015     
   19.923629329110064     
   42.870751007182605     
   43.272822328171856     
  0.97565705638273470     
   4.0771413433432366     
   7.0547760370244115     
   6.6082172034654842     
   5.4119673004470634     
   6.2980211985964951     
   32.262651863816394     
   11.155326258496423     
   10.914406861288956     
   4.2561366668018588     
   17.978082860300425     
   13.086528047312411     
  0.22471452434589129     
   6.3107043831665299     
   3.7102006210821630     
   11.026805829498141     
   5.3244027558413531     
   5.6132044275868642     
   4.4278979842289781     
   18.231395634529605     
   4.6512169020390335     
   2.4659766119393485     
  0.93181485664039387     
   4.3174791308401730     
   45.632882675458653     
   13.534616546358665     
   7.2709563989681994E-002
   14.271798962101357     
   8.6677857905230802     
   33.163989492854171     
   2.0748004050062865     
   1.4745589520778424     
   2.6350541444651725     
   3.3551353837554263     
   6.6870339161844665     
   8.1897592354707207     
  0.87238377239541764     
  0.84890402029097378     
   20.660579915276742     
   17.119939523966107     
   2.8075257960774902     
   1.0697474600544803     
   1.0418701946277891     
   28.155995678638277     
   15.454503495685367     
   6.6042891663464944     
   5.4946421393405318E-002
   1.0296452655445281     
   5.3871139275922264     
   1.3288909493097449     
   5.5840077042874912     
   3.9199169689478657     
   4.2569978835483848     
   15.061497311008603     
   18.627518774321135     
   16.200148247603909     
   34.154616516303122     
   12.128055291137819     
   2.7534137556257083     
   2.5976618575657784     
   23.938498737882263     
   23.104537421438916     
   6.4473247124102802     
   10.216429294072618     
   5.6229138076434833     
   10.922512895186365     
   25.259441979337769     
   13.095806701116713     
   2.6588512676083949     
   38.495707951335355     
   2.2284771762064723     
   5.5209189739920150     
   6.3822854010516705     
  0.86996725191561275     
   4.4640205679284568     
   14.256937706583418     
   8.6387845013907096     
   5.8961175465864502     
   16.313664876083852     
   7.1170078847729261     
   38.092381018632324     
   6.4578427708938193     
   24.206632747980517     
   6.7049788933222532     
   55.284720565979633     
   2.7739385176340670     
   5.0717709252203358     
   28.555287530879916     
   1.8899892170653896     
   4.7797061481358218     
   41.668646808333769     
   6.5466266312636776     
   15.838703027842687     
   8.0446883284393742     
   16.172633081573068     
   16.312897236362389     
   2.9937160481139817     
   2.7768336032150804     
  0.86666466468559067     
   3.1788737917980709     
   16.392778854679950     
   5.5552408607160144     
   9.8442725554233164     
  0.11473903200413220     
   13.482361922150192     
   3.0214757672216459     
   15.117289566242560     
   8.7449512851805888     
   3.0849137082208591     
   4.2923864318636937     
   8.3587821367332165     
   3.2375357984457254     
   4.1465990179289500     
   21.712466333906249     
   5.2420916404952855     
   19.954516735540498     
  0.52545348777131751     
   4.0345749451039206     
   17.023797070995087     
   27.609682695674156     
   3.3721466150340236     
   24.270638909520535     
  0.16543340930422670     
   14.147035215659162     
   28.052908108744191     
   4.4888609545343661     
   5.8184977148487773     
   1.9899313323184988     
   13.129036729996148     
   3.3566627754269747     
   3.8762073357647915     
   9.1579947187058455     
   22.958188284203761     
   22.072411883666746     
   1.8814674838280721     
   7.3174834995232887     
   12.183241418585780     
   13.739087643049148     
   21.913832498313724     
   9.5780135735702050     
   8.1313856111446832     
   12.056846836420457     
   7.4263784923405671     
   3.2047186348562846     
   4.6309661422568960     
   17.166660878651225     
   4.8819560060950780     
   51.032357067892029     
   20.161134887337337     
   15.177886019809579     
   36.343427337648514     
   3.2167320775505530     
  0.16746246652563201     
   1.1932413834544295     
   5.9929163127132137     
   8.8551699246560300     
   1.0391399073115850     
   16.389315927612412     
   3.4602980804372532     
   2.1554021491608677     
   15.143118520706185     
   1.5180239360235293     
   1.4101844633908072     
   8.4559803040950676     
   13.738418891321093     
   9.1985942328486718     
   1.6362816281322319     
   21.918804252239639     
   7.9657244555964617     
   2.2714362162737114     
  0.80009190556662568     
   3.9544208347584702     
   6.2559444010752854     
   2.3683995188492188     
   3.6149435147618911     
   10.971958937763526     
   13.056983819874720     
   8.8324232754621530     
   3.7241278243186211     
   16.506106026979186     
   2.1009728740626690     
   18.283475424225248     
   6.3878973306349245     
  0.67576833716943019     
   2.7224737450797658     
   11.520214130982922     
  0.34906341133396385     
   8.0521795985279390     
   5.7025661527175942     
   10.598444807923823     
   2.3798720503506714     
   7.1236213572059288     
   5.6777254061947380     
  0.22768977636802537     
   4.4095575658111654     
  0.21891289080397477     
   26.828684499749343     
   32.710450762032735     
   22.498380256769501     
   3.1777336698234420     
   5.2966433646653952     
   61.049305709470516     
   6.7553434139157789     
   2.0083076661229100     
  0.20502458989549918     
  0.80006607778626515     
   3.3929618748965296     
   19.226937037676201     
   9.3658660194170871     
   3.1588946218745981     
   4.2432929066943679     
   12.758983651732761     
   17.251953106693211     
  0.32680410575493446     
   4.8487656345662939     
   12.056233865721458     
   2.4525888250205568     
   6.7750262301707584     
   65.287774595931424     
   5.9695922546301681     
  0.33699541110057207     
   30.800627408924409     
   9.4602876942329832     
   2.0129923186952619     
   6.1826526067531482     
  0.75487936928808153     
  0.21947828015389598     
   19.633010217488863     
   5.0678956473660763     
  0.17793914414331799     
   5.4192857521631694     
   9.7428372048304048     
   44.646310109199547     
   8.4690510318091423     
   1.8805178755120124     
   2.1707908500146416     
   9.5078226401213364     
   1.3817811904631772     
  0.54481082342987086     
   1.8527601303519050     
   6.6554233701196424     
   3.4511192761934502     
   3.1847632153406602     
   4.3412367105033642E-002
   16.403678935697179     
   38.138417098578060     
   2.0407312068438035     
   7.5393704010269866     
   1.4227904079284981     
   31.961999629576848     
   3.6340726714820812     
  0.42224640595028595     
   22.946354747530524     
   21.965805777477438     
   4.3647919334700536     
   7.0292179805369734     
   2.7640229095520330     
   14.379242085886126     
   11.431016787335142     
   5.9607867161831027     
   21.630552935977768     
   10.425052572243732     
   4.3808590644401573     
   28.732580087775151     
   1.7742870396802723     
   6.4289333517080918     
   5.1303080263899679     
  0.14329328071233094     
   1.2385577928832701     
   22.705394437300086     
   8.4508500459538851     
  0.44384205697299939     
   10.700250208828432     
   2.2473094976685246     
   13.040395235291001     
  0.27217520999352246     
   3.2615241107852864     
   6.3565236171348776     
   2.0440299511575750     
  0.48373495311688752     
   10.880802535122132     
   4.3586222545715207     
   16.099325148627749     
   3.0830086294926682     
   52.426524617791017     
   1.7233634661912858     
   9.6019252734497016     
   31.856971016104445     
  0.43126340449807388     
   5.4352196438461799     
   2.0440241013570533     
  0.41081268597217047     
   6.2169780269489294     
   1.1535596162202235     
   1.5412056006703634     
   8.4326599646231557     
   23.235928891925223     
   2.7647961810156518     
   13.811795572599667     
   12.226564442745822     
   2.6245529682431128     
   12.692202626810253     
   4.8593491465061023     
   10.501800889073209     
   10.765118165954101     
   6.4366044102162299     
   1.9840101163070005     
   8.5706910724024752     
  0.43946637849860160     
   9.6287414615420914     
   2.1354519530141283     
   12.929850831523632     
   3.8031299986263241     
   28.261686287276987     
   4.5564530629249420     
   12.567618419383448     
   1.8113446031079259     
   7.6339041926314675     
   7.7254469732028062     
   25.278418336202201     
   3.3152989365170256     
   7.3886919845079158     
  0.76698643467019356     
   21.197003911664677     
  0.25800972957542390     
  0.96292207283811115     
   23.998230750976930     
  0.35069794251233466     
   2.2807312451805122     
   7.3314891457301368     
  0.21640557932196058     
   16.529822863921812     
   17.711937449234338     
   9.9947985706881664     
   17.944548442478876     
   4.7301987704226640     
   3.0428464046714661     
   3.6422850381067673     
   10.084452999685894     
  0.51168521416727419     
   4.4843239772521439     
   8.5040681862044902     
   4.5005283811688397     
   30.262246340603674     
   21.881459258021426     
   7.4830600082564294     
   6.4600896328013144     
   22.063118192633677     
   5.9892486768670334     
   2.2420543521828327     
   11.159575533855190     
   3.9842717420700009E-002
   17.806557256957763     
   8.1332674853679148     
   1.0987617126348690     
   19.199092072077534     
   14.050661021153118     
   4.9770621465036466     
   10.020040905840125     
   5.6554096192251615     
   13.477350563884649     
  0.73461113388289190     
   5.1373753277878027     
   1.3249460509663127     
   9.6793011934170732     
   8.0227373916355571     
   3.3243538606465335     
   5.8024869489223798     
   1.3905504278194507     
   21.444623568368474     
   4.7901359503822256     
   18.755728333804516     
  0.40428641501750973     
   26.986824044152531     
   44.287999056127290     
   7.2545913601235492     
   11.938447470360366     
   8.5719495219942399     
   28.257260137512347     
   25.674716665169885     
   5.3098971126324068     
   1.1230923137191235     
   5.9394371469414553     
  0.96672668392029093     
   12.474146663046552     
   2.8835400275658380     
   2.4654183023785183     
   4.3375862148756923     
   24.187414112055880     
   9.5181374208313692     
   17.380200142784396     
   2.0509292474572773     
   6.8836261672488694     
   2.2315523389282679     
   8.1615220014195522     
   1.3656130558837818     
   4.5936779435905892     
   3.6672654310186652     
   14.593211578414094     
   1.7093406163325708     
   14.489375035163604     
   4.9024339430903661     
   1.0024012438324823     
  0.52578015885728657     
   19.004994707608997     
   6.1487356210848993     
   3.5749741745770356     
   14.906978458642568     
   16.436018905188767     
   6.9398724354966888     
   8.1399536909211623     
  0.88539202706415088     
   1.1332609131622695     
   12.548392448951020     
   32.209352579645895     
   1.1031108707793493     
   5.1290934635006984     
   15.740555669964650     
   7.7663392725313498     
   9.0765245498584584     
   21.118835246155104     
   2.1287123961947021     
   8.5009715312087621     
   1.4640788969813610     
  0.28054045064130273     
   30.786163541440384     
   6.8678120637979569     
   18.029290622902050     
   29.826771848733816     
   9.4036743076759386     
   1.4172010661134540     
   16.594593125502691     
   9.4090609982834135     
   10.952087017658741     
   8.4300450887345306     
  0.11418194499507631     
   16.957599338554608     
   8.9786348166046466     
   1.8884167564348644     
   2.1140804227278585     
   11.484732869774092     
   1.7234909338771671     
   15.914285562862503     
   7.2631151783048278     
   9.8366313425097260     
   2.4088856308622981     
   22.142664078970576     
   1.1745538300340193     
   7.9730033194417880     
   12.610505517920338     
   10.052393794888218     
   4.5184896194503157     
   2.0106774120858661     
   3.2765634501303342     
   12.050305114807198     
   2.6660388127427441     
   2.6784502620823281     
   2.2925683393966318     
   4.3082385156634198     
   23.035712014452127     
   32.325114985195420     
   17.582989461113634     
   7.3677398675211467     
   2.7029476926813589     
   10.883648143878625     
   32.636873173978813     
   2.0241311857365401     
   14.267518006180975     
   19.141062807133068     
   5.3683155292067468     
   11.124166774573940     
   6.4261721225219013     
   32.465307609109445     
  0.59787303688607629     
   5.0991543808423048     
   9.6813788794221658     
   20.949438506712532     
   5.8870327978098391     
   4.0622953175150469     
   22.828642980422877     
   17.510745080222168     
   7.3536137575568725     
   19.991658711727933     
   7.4079425669584467     
   7.2115512873134122     
   9.1991744817157777     
   7.7474164681750111     
   30.326458509984725     
   1.1287891921840079     
   1.6390397118710948E-002
   7.5177516384010055     
  0.16144195005299894     
   1.7469698463358867     
   36.507129598546754     
   6.5560739153903400     
  0.42897355082962885     
   13.207791585445023     
   14.069559883849596     
   1.9588056873131234     
   15.710935788986243     
   2.3238947824708283     
   1.5912663605060209     
   7.1012135130992169     
   28.399102464550566     
   31.034409470131990     
   6.1625464737549498     
   18.550384079961059     
   9.1673822444770749     
   2.3567832060917611     
   21.737314291711467     
   1.8219091194701664     
   4.1317973553055038     
   5.8623985767508424     
   3.9534967775661074     
   5.4589130255547547     
   3.3167770705167152     
   3.6636536760586451     
   8.1642240110354063     
   1.4825361233085124     
   15.940534558719728     
   6.7170690278563754     
   4.8579073944493025     
   1.7425131514264933     
   11.410458601644800     
   5.4617736747111190     
  0.69338995948678406     
   22.895464772854076     
   2.7876913436487878     
   23.013589430152098     
   2.7497658277150228     
   8.5851896907151772     
   4.7277464636639097     
   11.831508137570854     
   16.818593407425155     
   5.7064296335509503     
   3.9257370221773416     
   31.570621734687357     
   19.244988084919271     
  0.37801832697686077     
   6.5054165175053917     
   13.156555315296107     
   12.386582875158432     
   15.751423722072772     
   3.8578475494437390     
   10.166961198749942     
   5.5641828822210462     
   2.7840151446018502     
   2.5144331885884261     
   8.5972588488985551     
   33.730731563522752     
   15.463844852449871     
   17.717965253011386     
   4.3527953488823163     
   6.2969112898853474     
   33.470377586391315     
   8.9589692648402757     
   11.702337878564732     
   21.580619024512462     
   36.048545127288762     
   58.611699125588864     
   1.4527661434120132     
   8.9514441576873267     
   7.4303775101789675     
   6.3568567667857314     
   6.5890255572154901     
   13.652494754225861     
   22.035893463823868     
   5.1803726279262419     
   3.0898744573697252     
   6.4008714486185987     
   8.4843274077405262     
   1.8890359192951971     
  0.53884821202213706     
   11.282845035219566     
   6.1848030711245681     
  0.18259519374177607     
   1.1275641561286505     
   1.7832934934897036     
   1.5497734047577560     
   23.465940152619844     
   10.948245626443496     
   5.2543296772478421     
  0.34005359580078054     
   25.290610835740299     
   24.672994327821979     
   7.7551024518817844     
   23.261990858056318     
   7.4067673845100206     
   8.5189231381752624     
  0.21044562385860113     
   3.6688313135380297E-002
   8.0287274576681504     
   15.871571874308408     
   20.084890741220423     
   10.423835432480097     
   9.9868279224519387     
   23.451102098760952     
   3.2248225744222898     
   20.498228171542905     
   35.309419644011975     
   27.659541331515946     
   8.4469485922938183     
   2.5854088774405732     
  0.17096398259175538     
   22.766445508064077     
   1.4278163377625583     
   3.3382495831037833     
   1.9639082292235548     
   18.351756011047531     
   19.032703497359748     
   5.2788265214215961     
   4.3228005781423073     
   15.916065361913837     
   1.3276928860320556     
   10.944740486604537     
   5.7260695633396512     
   32.407446942215770     
   3.0751357742321748     
   3.1427676044220769     
   8.3432568842009776     
   31.018013022735804     
   2.5105802494332923     
   7.7335087346823270     
   1.8908936379270205     
   10.184532394959064     
   1.0624718996871645     
   1.1391746639265941     
   8.8150460152438015     
   2.5921977565417587     
   17.406765775277968     
  0.25246260516952890     
   6.1728347485267204E-002
   5.5850245671248233     
   3.6343367069835564     
   4.2845301839490144     
   34.470292175298155     
   19.956989749446702     
   9.6618869550591384     
   5.4874986274347819     
  0.78827233752911841     
   39.899023796325800     
  0.49316325479091283     
   14.154465325612282     
   36.132191519866531     
   16.243420639794742     
   4.0172476789307607     
   4.2698738857187930     
   24.133493964111835     
   7.3947734220315766     
   31.169679609473508     
   9.1793156266020794     
   2.5374775730186889     
   10.804043817993810     
   12.991930248995327     
   19.877406757915917     
   4.5464030299069078     
   6.4131315653336678E-003
   15.067283072390129     
   3.0164499284024296E-003
  0.73918208970928756     
   7.7779675667957839     
   8.6898422262101640     
   7.4651078479933748     
   2.0680986553348917     
   41.329764595036636     
   6.9308376322882568     
   35.263919963638330     
   11.779470841860174     
   31.186380759808419     
   18.398012076739498     
   2.5697021769603587     
   9.5534399383820841     
   11.726624551571245     
   7.6713778430112800     
   17.974269732302194     
   10.978139052210178     
   2.1532314634640835     
   18.277156346185002     
   14.466596767496631     
   4.8917697612578488     
   1.2152156403926571     
   2.1725061186798369     
   27.409148901614454     
   14.272941522321732     
  0.40834869206405028     
   6.7386221448959081     
   20.402254501896909     
   1.0898776369944718     
   6.3390173705551387     
   8.8802453506669750     
   6.2320127976818043     
   10.975259286687509     
   8.6975768999991860     
   38.516223538600627     
   26.810009772439550     
   16.757594858881188     
   3.6037002966629528     
   6.8261184251938012     
   6.9009198837200314     
   15.450668794725484     
   1.1536372120239500     
   3.0095688473602031     
   39.319381726260389     
   6.7507717797017888     
   3.1686926507848447     
   4.2815262332373187     
   11.335235675707997     
   20.969061678427671     
   6.9019087283177285     
   9.7080064209513726     
   19.089896458449388     
   12.032754347821598     
   4.8663942414128840     
   26.400295962417296     
   11.106436909388204     
   11.046416765857499     
   4.2159100971435821     
   8.5242897475964590     
   20.198209134711703     
  0.66397242118552069     
   12.043298601485548     
   12.163202848922497     
   14.911425670314191     
   6.7202012260152211     
  0.75335994670687301     
   10.681174072477326     
   2.1554169374640888     
   16.146835038234492     
   2.0858174546583057     
   1.9384128332998187     
   8.8589101755508022     
   11.846034945976873     
   3.3951043760002459     
   5.4247473472814800     
   32.491691067882627     
   15.172307698348179     
   25.123959092203243     
   5.0495609009397011     
   5.8010474069157194     
   14.963137089935671     
   2.4300513197785062E-002
   15.817936420594055     
   4.8047929795481119     
  0.98675822582804440     
   2.8567279327254753     
   5.0839012624510582     
   2.3906067746400734     
   12.795953061282869     
   1.4766645724339833     
   3.3600218567448241     
   4.4144870721190159     
   4.3119586896519726     
   32.401417433986140     
   20.254919806258656     
   11.132321322564508     
   37.676380693914773     
   10.470992799360948     
   7.1927824091289594     
   2.8642179160168775     
   19.452499475721691     
   5.4002549960112880     
   3.5697632138102231E-003
   2.3191620932223860E-002
   27.112965268847127     
   1.8365549204959528     
   18.258948299837535     
   18.402650974656595     
   6.2281230936347907     
   1.7761634273121543     
   1.1836852463330305     
   2.0949973207197874     
   11.912150553204357     
   1.8128163901672871     
   9.0463858288502230     
   5.2377673822656634     
   8.2459465161059029     
   9.1397515184621465     
   9.6174699025582839     
   30.549950225422016     
   8.4775194690661512E-002
   21.380164353333125     
   10.539193170525664     
   9.3094928498383336     
  0.30617972449951386     
   16.174159049769806     
   3.7554310062035947     
   4.1808141523533258E-002
   1.3015183841163376     
  0.98156510010477993     
   4.1453177937264964     
   6.2875803981887710     
   9.3789827790056162     
   23.658604758660783     
   4.3628443672577122     
   4.8889393022341459     
   2.1917675333867117     
   32.227406579145523     
   3.8011458366954631     
   10.789943546531317     
   11.271445917637664     
   2.9742860162010656     
  0.13523776588788394     
   14.598455425095818     
   2.2785152204981047     
   8.0848762320185337     
   31.536333078147333     
   5.0771132742740663     
   4.2715731785064603     
   14.807236385968332     
   19.779960742408647     
   17.057290696460210     
   2.0015105150706618     
   11.161766362299160     
   2.3723461564921391     
   7.6634891263662750     
   11.318628900117599     
   21.795203824560538     
   2.2283162925619897     
   2.3463469831293056     
  0.24423563618453822     
   7.2450168915688700     
   23.283912036159155     
   1.2711851222907762     
   3.0962835697679041     
   4.7342745259528920     
   7.5232442765833518     
   4.5915117072064806     
   8.9371219030203286E-002
   7.7142611396567879     
   2.6492261849464227     
   8.5576664360369499     
   13.743572260697603     
   15.883773854736026     
  0.60060950571671090     
   13.112009797569581     
   8.6718254518819187     
   17.003644943105584     
   14.219579470546408     
   6.1783353750931580     
   1.7441139266138093     
   28.246203326496694     
   17.376404999167210     
  0.63121475490955470     
  0.99086149185107775     
   6.8413988325594044     
   6.2814525129241359     
   1.2103034811388513     
   21.303225322245307     
   4.2752943590482211     
   19.039966788781850     
   2.5932050529528654     
   1.4004215922546459     
   3.7701061286044926     
   27.110382309191511     
   21.140373461129762     
   8.3662263160508950     
   11.888098468753912     
   20.234609732253862     
   1.8123648285786396     
   32.772497618916120     
   18.463561198669350     
   11.071374180475484     
   2.5424998707116773     
   2.3194470654010182     
   2.4863044293139898     
   14.172263095221586     
   2.6217419139940352     
  0.85937682836948692     
  0.36912587909310951     
  0.84593530132848405     
   3.4096788639165130     
   18.977760100615978     
   9.2745273042395500     
   17.385542892501967     
   14.424624539733244     
   13.873754582953948     
   15.666487074133542     
   10.504601999039860     
   3.6371043556916054     
   8.7475526207952790     
  0.93304231790787684     
   2.6407776780901226     
   11.203724782081911     
   3.0260792344201706     
   6.9106699777128400     
   3.8969053632060185E-002
   4.5900816445322077     
   6.7227553237567284     
   3.0830053843530356     
   49.708132500434630     
   5.1723070369545407     
   2.0390208503092371     
   2.0269485012388926     
   9.8972900879630181     
   2.4706761899793310     
   2.9901498157620363     
   16.084058543232459     
   1.4090315202688810     
   21.959760437242952     
   2.5346509506415318     
   36.061091464834163     
   8.4023483695476173     
   29.343647349836331     
   6.3170026867104365     
   27.938083686585102     
   9.6317081302603427     
  0.99413952389219107     
   6.6198950280611122     
   7.9056859051008344     
   8.4321945553371602     
   8.3377121069644460     
   23.632655063143069     
   2.9235357332512257     
   6.9671551306430963     
   5.7311600248381698     
   15.497198041745152     
   13.809034919758894     
   7.7759075123086197     
   45.606851697613948     
   3.4005128851735904     
   22.222913804009767     
   15.516183308298324     
   7.3168887930058233     
   2.5474539456779581     
   10.869230244512133     
   15.868820903583067     
   25.224032336516728     
   33.507712338818976     
   15.773229957423506     
   23.052503466462795     
   14.858547406605469     
   5.5847870120417262     
  0.79455337357493683     
   13.224356235378984     
   2.0197505962014124     
   13.723228614692927     
   1.4539324121103387     
   3.3977195188978850     
   7.9655975456681372     
   1.0912762224047197     
   8.5679556144756610     
  0.96448942878142163     
   3.5656691209825175     
   17.737447273400292     
   24.872564007845270     
   12.248686059000375     
   1.8306092765645285     
   7.3291965112796644     
   1.8925961296617326     
   6.0915137012635227E-002
  0.75264273605447074     
   7.7275792734026130     
   8.5318302262818619     
   3.1349552263990672     
   35.673210697967889     
   7.2547932856558814     
   19.613771057330755     
   19.187894545089438     
   54.181060819748090     
   6.0670864904195909     
   16.063751141542490     
   3.4303876832693185     
   8.5942908723299780     
   19.390332999427887     
   5.6894600019927797     
   2.1492934929521104     
   6.9938071054726105     
   12.809805765954508     
   9.4400326902677829     
   30.094501258084875     
   1.0491334240029766     
   27.293733538906309     
   1.9379382004022290     
   26.546259881034008     
  0.50459628696988734     
  0.37944214991413172     
   15.361921269003233     
   1.6724752586260889     
   5.8693082243851240     
   15.322546633813040     
   21.369976606854529     
   10.016547803059339     
   3.2144334518653750     
   2.4305081407792777     
   5.4673161953739200     
   6.2163565077337966     
   7.9293935913609106     
   9.7262326829581998     
   5.8677647127902874     
   4.1796499196768186     
   7.3384198685701474     
   9.5891349811237152     
   12.902055926708748     
   6.4636155855559565     
   52.580601066556802     
   7.2675228212486465     
   2.3709830910010790     
   13.044770472572452     
  0.20921607918909432     
   37.614457169875656     
   2.7167470724297842     
   4.3251518777421403     
   4.4846525122325627     
   25.823727392376409     
   6.6702080492035742     
  0.55759118920955886     
   6.8707169487401583     
   3.4471337519415939     
   7.5729616982751145     
   10.542463190017576     
   7.3645475529539404     
   11.015960141174808     
   4.4457923476364352     
   1.4597409666248693     
   13.037400443659129     
   10.805336226011628     
   6.2278742040821831     
   27.822983365230741     
   12.518893077371080     
   16.350250841017584     
   7.3409779030599438     
   11.411585517356055     
  0.29167145302744463     
   1.4288476805456474     
   15.440424054034116     
   5.6851189538625535     
  0.64299749596936295     
   11.277806613464858     
   12.720040512357738     
   7.2308566016309195     
   4.5053794883692770     
   1.6248566364699366     
   8.5614878573098494     
   6.3859736597230228     
   4.4588617786060851     
   2.3340125094878421     
   9.5746901204905335     
   5.2942100849993112     
   8.8906574105806939     
   10.762928589936111     
   2.4881847627592117     
   2.5365434702789988     
   5.8661271359716292     
   16.628450248783800     
   5.3574078512566405     
   29.302072458612258     
   13.616998189704132     
   9.9854817626296697     
  0.70323808894653006     
   4.0264442585941325     
   11.614257665662734     
   13.683620476479838     
   2.5489120366395781     
   8.2620620726263319     
   6.2275497680730467     
   10.302683169410955     
   5.0602365950683605     
   3.0439744827460085     
   12.151647392508952     
  0.19730584565086673     
   4.4975747347025861     
   15.433592613964361     
   39.623351994136215     
   4.3945801115737257     
   16.796650378779688     
   8.3341672568920426     
   3.8505319845088994     
   3.2299948404592307     
   1.8273172085578868     
   24.492143669186596     
   7.4742863062341662     
   6.8504950502665887     
   1.9433022844716694     
   4.3882884990175359     
   62.113480373413061     
   3.2468768094740637     
   11.762535499626065     
   2.0406493369590257     
   5.3889895823146192     
   32.996071635043471     
   19.915817545502897     
   2.1547810601728123     
   28.047903645998847     
   19.028530291677665     
   4.5305629884587235     
  0.91984388944524587     
  0.12884777396777955     
   1.8134709048684496     
   7.1767800347026567     
   1.4947159277017319     
   5.7242648475320559     
   2.8965303309117680     
   8.4459221468982886     
   6.7107516017220536     
   31.217270483303672     
   1.4114858017395158     
   6.3544484347555859     
   4.0906634089637741     
   9.5196321254416087     
   15.782423342530036     
  0.90607291278445934     
   21.620894223524910     
   15.066648410946836     
   14.407117481289673     
   15.685339052857618     
   2.9487281915277732     
  0.70558394636369315     
   6.3813251051634670E-002
   24.426736029306660     
   2.5431040728708831E-002
   11.637735622695001     
  0.86055125609065686     
   18.596437300415943     
   11.327550503786796     
   12.702591356313599     
   3.3725741875844650     
   5.5528684726428601     
   4.1178416945792149     
   24.865511821375282     
   12.709378714758518     
   6.7009520945495185     
   7.6283555649050694     
   2.0806406009802556     
   1.2157837223958508     
  0.42293781941606257     
  0.11987485831622346     
   3.1999402790419049     
   7.7734484563558182     
  0.91424387727834033     
   5.5073041891316450     
   3.3532748156566012     
   2.8699121516068886     
  0.40981161522308124     
   19.073503855233710     
   9.4137843738554459     
   14.379955097290091     
   33.868253336498604     
   10.807612394050427     
   14.441151808687206     
   3.7002649740359832     
   1.4990995273496288     
   15.149190317721729     
   4.8835993815764676     
   11.732017621761022     
   4.1329506938253333     
   12.925074050410000     
   1.1838811641833404     
   6.5925834462266071     
   18.047737045922339     
  0.57589707871088169     
   8.4249059696812800     
   3.4702105414136146     
   37.167353956752038     
   4.6473380202621337     
   1.3474165620971088     
   10.911616382554639     
   14.766474415402849     
   2.8646687634831913     
   5.5432558841047666     
  0.60941381259424565     
   10.780766947545095     
   5.6317030264334438     
  0.83534436559775926     
   25.923222185334517     
  0.68021038843934412     
   2.4402048546331572     
   2.1802358831913131     
   4.8663981201022199     
   27.416469194309386     
   8.1068032516615496     
   4.4154695573737222     
   5.3574037773668728     
   28.397225679559341     
   14.712600331411876     
   7.1446862845079186     
   15.137765387153125     
   1.7890542424266402     
   2.7355039688944820     
   4.3796915557619513     
   11.344216594084372     
   13.348979798523715     
   10.553361851355280     
   23.100813433749909     
   19.250772616198567     
   6.1400132879889044     
   4.6164744998599740     
   6.6033339311144772     
   1.9345411811237403     
   2.5339106305187853     
   7.9849620875323574E-002
   11.059514523866143     
   10.036971814570080     
   20.363704912688334     
   10.918753890674287     
   15.951128688308280     
   1.1096834444234507     
   3.4224716499001273     
   1.3975285866855192     
  0.90598155271890923     
   13.663519835531403     
   9.6659603106078471     
  0.29294309425154424     
   2.3571031005386924     
   3.7343504467660580     
   10.215310123237968     
   14.045968591374526     
   6.0551189787273021     
   17.384688403211385     
   7.1198208700952055     
   3.5425853031760850     
   10.236157847334093     
   4.3933666059951051     
   6.9466944915775297     
   3.3591644665832341     
   3.9635952285725411     
   18.594829887329517     
   2.9818742409126555     
   6.5539844614993958     
   2.4264351626830107     
  0.50727724709067579     
   3.8302292925048436     
  0.34747604841811852     
   37.302509159699731     
   19.350285404957038     
   13.221770951177891     
  0.24496127301974602     
   12.326667040489582     
   7.4018031377325046     
   9.0309386918871901     
   22.292484639337495     
   5.3581411784520814     
   10.998950878030385     
   18.936333968659341     
   1.5821825593768521     
   6.5730261026182131     
   17.026060513465232     
   9.9895337340727544     
   8.6454269785206534     
   1.6617802014857563     
   2.6243235913207155     
   5.4844119325506933     
  0.80492804151599928     
   17.689722045963542     
   3.1507363803075155     
   4.1959951637884636     
   8.9339522272088754     
   6.9839133391525934     
   6.0942610211705990     
   10.805982492662880     
   17.933108696288869     
   1.9390640431393955     
   6.7192348545734992     
   2.7699276918110427     
   3.3941602798811861     
   3.4226529398993364     
   4.2349434683938645     
   7.6749213217892818     
   9.1591088401968825     
   10.453901539570152     
   5.5165097270882510     
   2.2531677181553098     
   8.9712586255725721     
   1.2636317173177403     
  0.85864418005334087     
   23.519099345322957     
   2.0977523364756445     
   5.9767280885809573     
   10.082048094713794     
   8.5801276838363716     
   14.718301926299265     
   12.436402547229587     
   50.532300706906383     
   9.8631198852221083     
   18.141814240089570     
   28.748117022778771     
   10.100295379852986     
   13.977909345502171     
   3.2899820557978621     
   27.986869892001568     
   9.7540803082388141     
   1.2454387558740683     
   1.1417854126638065     
   6.9539560939780269     
   4.6927681214246162     
   44.163855284212417     
   9.1692881947928614E-002
   5.2168328655335721     
   12.112016538337532     
   2.4946111394476658     
   10.290733016809400     
   2.5169075766154467     
   16.594054246983951     
   5.7406883482019406     
   16.710484935430873     
   5.9342741052254251     
   3.5966194890457146     
   2.1487850992838666     
   16.793351567856028     
   7.6165883479908238     
   31.985392544785768     
   24.259628040573578     
   4.7804752197667639     
   15.322690095623786     
   27.166424210210781     
   1.3110872714567958     
   2.2941366815587285     
   5.8356366455427420     
   3.0958319062896127     
   17.104616338418086     
   9.0245348943164867     
   7.5838378058435350     
   2.4454951691284514     
   1.7386938968894647     
   3.4139077645408467     
   23.590160058266399     
   7.2965859263781097     
   15.743616870992074     
   9.3094747044154715     
  0.18067959073674919     
   28.995282935899333     
   15.642484854042110     
   2.4425939769251253     
   4.1750447345625714     
   5.4881548792342914     
   12.536049404385125     
  0.44437295002621396     
   7.1268689533813063     
   1.1850138056224797     
   1.8972672272802482     
   6.9329405719051609     
   13.320096253766923     
   19.296529314399475     
   10.462803269006693     
   11.371252445281828     
   3.9639177252497015     
   2.3523268733263776     
   34.401266944055664     
   1.7390825656352271     
   18.214405256845900     
   14.072072045451272     
   2.3427692027647429     
   3.0790406104408334     
   1.0142999919649740     
   1.3810174642288233     
   27.582871816695764     
   5.7125569011375266     
   1.5361668533765005     
   3.6989050731616868     
   8.1892346972197299     
   11.886282609409143     
   27.908824786887077     
   9.2871807240997715     
   2.6344645955536965     
   7.3935148901074026     
   28.962291806654640     
   13.205951769135666     
   26.456282291360267     
   4.5310880852735691     
   10.510356617893814     
   11.581652420702993     
   8.3287591177853173     
   4.5617753260768152     
   4.8179737491078436     
   15.335886344504068     
   12.888083579981821     
   8.4219774383414589E-002
   31.212944498669160     
   16.707467912043803     
   6.8115067872720871     
  0.83698517440872144     
   6.2152955748976186     
   8.8716386607804161     
   7.1144579342645766     
   20.965490963684012     
   14.285518308230001     
   1.1493997571941692     
   24.462922904974924     
   3.2572732926369707     
   3.7432383891169376     
   24.906719862262992     
   6.3392825243769533     
   17.570104126351421     
   15.431617724069211     
   3.2071464544611734     
   4.0777901282786067     
   2.6324169588295616     
   21.171619160606756     
   22.709759388887250     
   3.9590424019769612     
   11.933264327962354     
   27.152474315816931     
   8.4657761887735674     
   16.773517728769317     
   3.6823560316963135     
   3.9845045983272911     
   6.1758414308543754     
   22.993487964540890     
   19.267982578664721     
   11.175971075698229     
  0.23595196087537465     
   25.857721258200996     
   15.998670082009996     
   3.2239437855704938     
   16.133984867875139     
   22.049983116960469     
  0.19326275544472718     
   11.990443006353440     
   45.031277568338496     
   20.733869099639819     
   4.6201824819391772     
   5.3002032545853499     
   7.2962941349891501     
   8.1523966566657062     
   4.2123780677415992     
   11.289589001007979     
   1.3345482913189302     
   13.885169831238102     
   8.7052492347800445     
   4.7866414666662509     
   2.3354398063315731     
   7.2676165170730433     
   3.3579902615970521     
   24.972689351466897     
   9.8223468454473633     
   2.5890004171951086     
   11.230229037653638     
   14.716619150338214     
  0.64097385135309282     
   6.7086389074296857     
   1.5188564784420464     
   4.0756109511673992     
   15.878487612786616     
   2.7744891487124850     
   1.0176305902973684     
   2.0791053848662191     
  0.16863354354322613     
  0.48446066159010265     
   17.612541812620993     
  0.70890541405303686     
   2.3364968599747167     
   25.762821862073217     
   12.934421306854418     
   5.4953310576039591     
   11.355372458374349     
   14.287995761182259     
   1.1113539073786916     
   16.285714511428683     
   3.6257916680614914     
   4.4846898464360319     
   33.351432800038950     
   7.2015721074835053     
   5.8308130845974766     
   13.489102762806402     
   2.2238453586953124     
   2.1511381148940933     
   2.4924319138412449E-002
   18.390390342426066     
   2.1442816236416200     
   12.204798673691934     
   5.9408751573593612     
   5.5639957287279351     
  0.64579975040392124     
  0.97023850325082295     
  0.76446399264467191     
   30.433203388023642     
   12.284562264949878     
   18.977537433058632     
   8.0097959973302260     
   7.4599386106726335     
  0.71484740011840153     
   7.0982796925528246     
   7.2422668499196474     
   10.856795771163091     
   13.582619354587322     
   16.037307528854534     
   4.5157328937338068     
   2.6747859583727553     
   6.7468997042233205     
   31.689439924712161     
   3.5823398560872182     
   5.6129118708162018     
  0.83934706384309055     
   1.1916323917931368     
  0.54881222107650385     
   7.7137197078789930     
   16.585573868779488     
   12.781623067306175     
   5.6923663151149810     
   31.956582148456505     
   26.892426669112680     
   3.0676514438948450     
  0.18776842672451921     
   10.181463125483802     
   2.7441646739505932     
   5.4487201288491685     
   4.3575679264429867     
   10.661843430449448     
  0.20913817254073530     
   19.029409558018397     
   8.7734255453638070     
   2.1706575512994761     
   5.6681517968374351     
   22.648937568141243     
   13.752028785287337     
   4.9204616713932170     
   10.129310987729728     
   6.6979237426300209     
   26.668475722452868     
   5.1773392665303994     
   2.5911164162719640     
   5.4650963476611825     
   3.5821931715250326     
   2.9959548382502681     
  0.31053188678141014     
   22.432983048727898     
   10.382493444398992     
  0.84226714063644437     
   9.7680459204315326     
   32.349919135968825     
   6.3065375801597314     
   8.6804265138910157     
   21.907264185494142     
   4.8593646503460155     
   10.907187297876073     
   3.1516218289078846     
   5.6156915057656249     
   13.570988358853901     
   14.705874760393005     
   24.593532166419152     
   1.8566059839951230     
   19.380922871249460     
   1.6956311729312881     
   4.0187513472428940     
  0.41291203069861887     
   18.933815844885796     
   7.1310612729383074     
   8.3412362528895816     
   6.5735643730725624     
   3.3646203235809109     
   21.326331435751463     
   30.824676432713652     
   6.3213084362532044     
   15.401206853428182     
   4.0800271460564526     
   13.235375786572380     
   1.2139853554051452     
   4.5331249716803059     
   17.536517262471104     
  0.29885171850970799     
   18.921456146053753     
   4.8043419700673917     
   9.7651778034572789     
   1.5591259466680873     
   4.4898433038103747     
   6.8816047410736285     
   6.8003137955431523     
   8.1944867285811167     
   8.8356877604897974     
   8.6559768736179752     
   9.5705606385079598     
   13.719758983101961     
   10.646621484664490     
   2.2801143024966875     
   11.794829494929878     
   22.748132758877947     
   35.650434719299888     
   5.7239859275440397     
   43.338222889189531     
   7.7810818048577381     
   41.419676335090195     
   24.333644297047240     
   4.1079530747321966     
   22.840454976935792     
   19.061259090025317     
   8.1118672789910615     
   1.5172330849216489     
   45.279990759981928     
   5.9181847673532415     
   4.3023712319813621     
   6.6712765493555750     
   38.048162127824583     
   17.396386326739240     
   33.239710953009720     
   15.510941616709220     
   10.578325618868261     
   6.6595803673429108     
   21.656819535105164     
   12.610084822038806     
   5.6636015553503425     
   8.1083640290605850     
   7.3862015600273976     
  0.79087304396581903     
  0.18143461984396550     
   2.0887844153696040     
   2.5428103892823266     
   9.4978328202727660     
   10.125897646521320     
   5.2259556666972511     
   15.921851897486789     
   1.0944516842496661     
   4.4805801875414630     
   8.1094475985541212     
   4.0216488623677558     
   3.5051103683436970     
   4.4888497495859623     
   5.6482644766634085     
   24.664705051282127     
   4.4447213521637146     
   39.158579211957715     
   1.6098732398411799     
   1.6941454634203534     
   2.5182784119577288     
   9.2093552495641937     
   4.3713124009384963     
   8.8054312135786823     
   7.5657192195265104     
   28.544434623969824     
   1.3321564004169804     
   2.6247823504270089     
  0.12651022627647560     
   3.3978400797469561     
   11.874378116130298     
   18.092139054430781     
   3.6108511210479861     
   20.537951515151502     
   7.9509661147604902     
  0.10634019982551229     
   15.208038843717485     
  0.67916412176032481     
   8.5094994119780747     
   3.0162361362103924     
   3.1149788785223178     
   5.2396514660308382     
   5.7197059040970153     
   26.287338701289645     
  0.46420066479004241     
   4.3234691727126870     
   7.4473183979708102     
   2.4032838288945844E-002
   4.2106088882602668     
   12.934621204211478     
   7.2699838607617382     
   2.3755142635958197     
   13.281483225861949     
   11.914339977665207     
   3.3026756080414934     
   3.3078783526065481     
   8.3811974671640179     
   8.8901585903484417     
   3.7851091568954889     
   2.4044878946853103     
  0.84351997491625141     
   8.2085038399787180     
   32.428182070670935     
   9.8299389171927913     
   6.4398733674245770E-002
   21.840546560475410     
   16.068149363780670     
   14.796436123239991     
   13.116699714511281     
   12.089635764139402     
   1.7589293562242668E-002
   7.7378599310715810     
   7.9673479871831363     
   5.6587510851691016     
   26.537483031020663     
   7.9724650075230066E-002
   6.1743161863978377     
   7.3210475237359045     
   8.8808711593655723     
   22.452595616950472     
   1.5087845944133620     
   15.323959270512821     
   5.0684734791277481     
   9.2959715459858057     
  0.66925298704234859     
   3.7669470370443103E-002
   2.1356054459072631     
   26.889619346192454     
   28.284007815053002     
   8.8476012093180785     
   18.950694636219499     
   15.095248127855079     
   5.1719271224352621     
   16.404920848662812     
   4.8405103719483868     
   1.6940974498748849     
   1.6751331925533230     
   2.5445445514511289     
   20.779073035758366     
   23.084971960348604     
   2.3649135099738334     
   11.302330182305159     
  0.50101360000913753     
   3.7245707149551550     
   3.8651158328984199     
   28.396042670022492     
   10.608688347576669     
   1.9353368019116193     
   3.9732711086438055     
   15.170905452034251     
   5.1198516901897237     
   6.7390992403389429     
   3.2593208582537407     
   16.040045967120161     
   3.3832226305791995     
   2.1432269687351009     
   3.2186759630746447     
   4.9081305744638666     
   31.625571558594263     
   14.860675723020398     
   2.7321351564504761     
  0.48515388748454469     
   27.476676260834175     
  0.60289089062599011     
   4.1744113254913993     
   12.810930263740817     
   1.4297663527513984     
   1.3350033057207593     
   5.4606252006881126     
   30.219519303894256     
   5.0710107931945387     
   1.8750435595676882     
   8.4786315163953141     
  0.77003738046773951     
   9.9545441907039987     
   21.577957647574607     
   6.0717147368911473     
  0.36188757934468130     
   4.3752001351860672     
   16.221422978146315     
  0.37819165110586189     
   14.195227795625636     
   8.5639071621391807     
   2.2488468737467273     
   15.651364892608035     
   4.1344322081519618     
   4.6265195026159596     
   1.2621439010424518     
   20.890876013538090     
   3.5121334279027177     
   11.154242400236377     
  0.70447618284627844     
   3.1715111571620831     
   16.018289565006981     
   26.333928420941561     
   11.488718326669236     
   3.3034850409877139     
   3.0507003393579009     
  0.39187888222054545     
   22.580635902377153     
   15.415932880246505     
   10.091913190825776     
   9.7178367896450055     
   1.1430362482262646     
   4.7301069415473034     
   1.8364345978593959     
   11.119954262335421     
   1.5653165796106188     
   3.0521786940004025     
   20.349063568181030     
   5.9964246123961971     
   17.615317262122854     
   20.510345522327619     
   8.9357816162912425     
   14.404761358329432     
   19.190932402172692     
   13.588249721614293     
   2.6708240388456979     
   5.0566108774222238     
   8.8804133880454454     
   8.6071377973714629     
   47.291063852088385     
   7.4241942406860542     
   7.4636996197132213     
  0.67143789752898653     
   5.7385043247480230     
   13.619827325729064     
   18.979748423599350     
   1.1306630670637654     
   16.782529394763028     
   1.4681978088076444     
   6.0581715846381057E-002
   7.2038013648046393     
   3.1184368508435041     
   10.887344396897360     
  0.57193279658792240     
   3.2425102103257561     
   4.8676936865128653     
   3.2050931179710811     
   17.780390993098564     
   1.4630991107975215     
   9.2263402644055130     
   12.447356529195137     
   3.5848679444070464     
   5.0760120970828488     
   2.6398338765063190     
   6.0777810701976556     
   8.9108805688879826     
   9.6234723299153977     
   16.607396895397066     
   11.951350134200220     
   1.5348491893094338     
   5.2171461982000942     
  0.12887917037238408     
   2.4675327211203291     
   1.3824026164937635     
   33.118490168310892     
   5.2245203837822318     
   4.5380707427904214     
   1.1300837833439183     
   29.171319743414578     
   27.338037130756085     
  0.24073768154851172     
   15.049066026627170     
   2.3287687924212417     
   10.097670691601463     
   1.5995526382980536     
   4.7678737486963865     
   10.329057369703062     
   2.1723165062979053     
   11.372010680497162     
   13.432735528531969     
   7.8566808499052945     
   1.2731698184756408     
   2.2529168371598010     
   2.9482095043824530     
   5.3944060284531483     
   3.1905019383339095     
  0.16773400840346744     
   8.2021452488152331     
   2.9697608707575647     
   4.5318382714138572     
   5.9771875213203014     
  0.62113536138848457     
   2.0150073650619982     
   2.6029433621875677     
   13.952656429708565     
   15.090438086639724     
   9.5247479293089743     
   1.1923737314156617     
   1.7379931965150408     
   3.5577678184225565     
   7.5970087369703485     
   8.6558918863618146     
   8.1820075233813689     
   4.1052928386313408     
   27.466226259046458     
   26.602662606923943     
   11.934420274146875     
   7.4336962051902757     
   1.3079727102056229     
   9.5091800523034813     
   9.4975405978453054E-002
   20.429140336006903     
   34.241841941168730     
   6.8914594934659252     
   16.668682726252605     
   2.3644785993343103     
   1.0564310809049542     
   37.703761411243605     
   12.376180148952994     
   12.842958520672411     
  0.63673213657950023     
   16.080938968231390     
  0.85375084250475952     
   4.4002870419848952     
   51.384923776986824     
   5.1692801187519875     
   1.6745045823609206     
   4.0101065603352888     
   3.7809187057028688     
   4.9697701617963563     
   1.9520333946594028     
   5.6274623102623895     
  0.20778220716129825     
   9.5908145242919236     
   16.456355697763378     
   1.0519300090095798     
   1.8153603775811238     
   1.7502895294317726     
   10.726008934035891     
  0.33020416068132930     
   24.623976821205332     
   7.6824798020982223     
   6.8607973798022197     
   23.135512212720176     
   9.9612624546630606     
  0.54806419814232599     
   4.2527363151318731     
   1.0596299542503556     
   16.787166034904239     
   8.9333929903340490     
   1.2975598364117948     
   2.8649957993649307     
   18.224194797268719     
   5.3506800476632419     
   3.9941225373941709     
   3.6781946327448178     
   6.6627085335343779     
   8.7782594453744149     
   8.5607863122547947     
   35.977164617583107     
   12.826867083436266     
   8.3514094452102796     
   23.342752189627795     
   13.102159287535338     
   1.2447069730469025     
  0.24753929768311678     
   27.470538815343822     
   5.0444938372775541     
   3.5419125694475784     
   18.569314306926895     
   8.4994375078222184     
  0.34250575163794955     
   23.521429019241772     
   8.3338380776182373     
  0.79879543336380798     
   3.8001451873185088     
   7.1720898162137257     
   3.4714283613251933     
   5.4969916437203192     
   3.3852493247569830     
   9.6075507110412239     
   8.6125350465973725     
   17.544769037105223     
   5.6238300368880276     
   7.7568941090814540     
   3.4481299840981667     
   12.614132650425759     
   4.5157179136049477     
   2.4372048037984362     
   2.8149568886715826     
   7.5468118657370216     
  0.14738396230086653     
   22.419869500150750     
   3.6739179130819610     
   7.1425724367516361     
  0.43380525827500405     
   7.1697162315623117     
   4.2554762076000259     
   1.1436430132826105     
   3.3708539873355541     
   4.4555593160075473     
   10.585339024651816     
   8.5772153790470291     
   11.823649872255796     
   14.547192084293293     
   1.5262524972559084     
   9.9383480071770239E-002
   2.3208933337530686     
   1.5800490210966009     
   5.4137042308693424     
   1.8246156598443237     
   1.3686745428664426     
   19.432572114000607     
   9.7581344644843462     
   11.605967012727209     
   4.8407231506231749     
   4.6862518520515462     
   1.4822098355780082     
   3.9143295174281429     
   2.9421175180324621E-002
   4.7343778765604503     
   10.194076249029131     
   22.304700026256270     
   9.7395848138997128     
   25.984186099454533     
   12.362332131581098     
   33.523707060568746     
   13.269361227449448     
   3.4581584134118208     
   10.434564887552044     
   42.713625200054246     
   3.9777700881113143     
   19.665294263239417     
   3.6604560269984904E-002
   5.3044492398027776     
   12.643095870718533     
   1.3834019067247538     
   5.5594801530338174     
   12.495650528815931     
   9.7505966914760283     
   23.731818656720396     
   19.911590892023810     
   2.5367401162363947     
   11.958008718878466     
   7.5198097598591804     
   10.513105548778242     
   3.5837829375291537     
   1.3141538605040701     
   12.958141362283557     
   4.2840874012610133     
   6.6029417111888700     
   18.019935632156759     
   4.4402192197089905     
   1.3852145728850767     
  0.83282017128566665     
  0.22232520876859677     
   7.7665155150410472     
   13.102353727953497     
   2.2577294737843663     
   12.332966567660701     
   9.4194333558133767     
   6.2445368045891181     
   29.070360615591838     
   12.421777346314915     
   23.075431187205872     
   9.5263919677881219     
   1.9537057476683262     
   13.567728547208809     
   4.4762036345275344     
   19.152612618184843     
   3.2052803647875217     
  0.59288299788198928     
   6.8793655159120801     
   9.1274732215701562     
   4.1559370611645710     
   2.8628845424687155     
   1.8839253737678461     
   27.875816912221822     
   2.1650339645438188     
   17.387374186886298     
   3.6223010316837283     
   3.2522387248588585     
   2.2844037401518884     
   5.6956653721328463     
   1.0118832316678645     
   6.1587410702126473     
   4.9554721454372972     
   7.9414558102470032     
   15.490540943241990     
   4.6672341627664542     
   1.2031589155599487     
   2.7231749401794509     
   8.7244273408065656     
   19.947767292989809     
   7.0953321910238003     
  0.81869230555759720     
   1.7580207954557416     
   8.1975223730768914     
   17.848733855573986     
   6.5509911037928390     
   9.3085916669595932     
   5.6509700516114396     
   6.9623852075723223     
   5.8144798262335513     
   5.1841155751665626     
   9.7421153603452770E-002
   28.368872005753477     
   38.482277919770688     
   12.674158360502206     
   18.990221478725239     
   13.643664772786881     
   1.0559011261391191     
   1.9233889028084816     
   14.683685497996969     
   4.0733498401352435     
   3.0838816102991657     
  0.78371241391651658     
   22.642373177200326     
   9.1646455412453225     
   4.6023815833373707     
   7.8165382246198583     
   3.6204448793725410     
   1.1145970539948120     
   11.405407698959035     
   12.402433903544573     
   7.0122491431651852     
   1.1618684616028332     
   8.7311726381863810     
   9.0899237656498357     
   31.838134116721065     
   13.141034076590302     
   12.318532615195977     
   7.7174174969578804     
   11.536010646198495     
   5.4117215327712351     
   2.5654765949283593     
   1.3075922892752523     
  0.52090381771976757     
  0.77750518187968287     
   2.8340858336422010     
   14.577322385255851     
   28.791095788015610     
   12.187483015489624     
   19.369983137164041     
   7.0835557064423273     
   4.1255248024176963     
   6.2780035977122655     
  0.20963970721258965     
   11.240598047711652     
   5.6910688999601096     
   12.902107904957582     
   6.9738234395021959     
  0.15752716631660346     
   11.464784356743113     
   7.2572314889141207     
   18.552502606175839     
   1.6817571426463831     
   10.087401104242719     
   19.477464650181041     
   5.2451326251371793     
   21.958496094179992     
   42.920831971577272     
   1.5464834347942866     
   1.8492771782767157     
   9.7307550141739831     
   3.8393079018097556     
   5.6688662425518421     
   8.6510827846619875     
   1.6978234212517402     
   5.8299631143779571     
   28.745244248630879     
   4.5273754924161054     
   11.445025326452285     
   30.534934790072953     
   16.987091012855277     
   11.203958701749524     
   4.8917075447560885     
  0.49336112904533719     
  0.72792400543206215     
   31.798903851675583     
   50.245368641220949     
   6.9617490708448013     
   23.639903037955609     
   5.1433390108895658     
   1.2681885172026282     
   17.656512108307169     
   13.459345095040316     
   2.2461782592343433     
   2.3525802608001816     
   3.6307471069111390     
   1.6602910680052712     
   1.1817182291525890     
   2.9061478458539014     
   11.005104704539823     
   3.4399443029300825     
   34.391529881128960     
   10.022586834867919     
   2.7582503217533999E-002
   3.4958125743772195     
   4.2806263213622282     
   11.834271668477907     
   2.7182394465416464     
   3.0319083862177294     
   13.298314706588268     
   2.0279383994597673     
   41.331102855151798     
   7.6978044033924480     
   5.6975450151410723     
   21.404199200228305     
   5.2501734322082081     
   23.455954408244377     
  0.58785246237543820     
   7.4396696229075232     
   22.569217787358898     
   14.997144507506261     
   15.171568505242341     
   10.376112046629448     
   3.2954102323422410     
   6.9867658447385157     
   18.406781254245118     
   8.3333333571098542     
   12.387027185030083     
   6.9405529916548192E-002
   2.8479692321316725     
   4.0296935995254861     
   4.0773779119796947     
   14.766808454393580     
   4.7302408589390224     
   3.6540287020850526     
   4.1313612838336802     
   31.642657338419561     
   43.289629814168890     
   6.2491722157843270     
   1.2408167317934364     
   2.8464795577907447     
   5.9337303279150477     
   15.905742254795500     
   8.9339230995162744     
   6.6451218384901791     
   4.9197285515742024     
   21.624064403143173     
   4.9397292218076592     
   5.3788023512532526     
   34.627496434576706     
   2.4109183417380202     
   8.5351323739391347     
   9.9617660222458113     
   4.5855400048996300     
   10.974366227648925     
  0.81202630860650737     
   17.978025292842158     
   12.416048777937117     
   1.2869300144492972     
   7.9592593864347698     
   3.5889770248499424     
   2.5264122192041678     
   2.5429579658445887     
   16.333888415215291     
   1.6915925922877919     
   9.2353359013183738     
   12.628325610490108     
   1.2168365094351030     
   9.3185394178880934     
  0.19782867359572609     
   2.5352500049653393     
   14.044638013080901     
   23.536848604163019     
  0.28800718306645628     
   1.6279985408881932     
  0.68973644916368460     
   1.8278639030669919     
   11.260140642784526     
   1.0288921085279792     
   3.2150943759459900     
  0.22919968953625131     
   18.053390719438479     
   9.5723736747401222     
   24.942118945644864     
   4.9646258476094083     
   24.893261916306550     
   9.0263868109526069     
   15.768901829894320     
   5.0556661134988534     
   9.8795948647399232     
   1.7047790801271980     
   3.6145567871838713     
   2.3919967455028894     
   8.2350542516884317     
   8.4349817940134848     
   8.6973379455273978     
   16.455774778489364     
   24.441255496585971     
   1.2931442939020632     
   13.065160762673200     
   3.7234877436059541     
  0.68960361939142178     
   31.496987522585318     
   8.4193268138819928     
   2.9011339843185451     
   4.4801958099168964     
   1.5061039818925994     
   24.336688130996986     
   15.387546522222287     
   5.2425306129534590     
   3.6114566623670434     
   8.7750079172852811     
   3.5921999436541414     
   7.4796758530394719E-002
   2.8014094740496231     
   4.0724039802242737     
   2.3415789025349656     
   11.543986337019344     
   10.327195583856630     
  0.83771883005830927     
   9.0439294103843366     
   13.410999206459952     
   63.724142091381950     
   3.5027715722241020     
   8.9107991995111142     
   8.2457072371621116     
   5.4913170481617426     
   15.276909013567924     
   3.2135621510505192     
   1.6808291305730980     
   3.8136536818954010     
  0.27354238591493085     
   7.2258021060555313     
   2.6979659633435911     
   3.1629500703761098     
   3.7806786084530319     
   1.2195780453641056     
   11.576172893657011     
   11.090003111385489     
   8.3332346104247250     
   10.204515563944350     
   2.4934576968562379     
   1.4130289582279816     
   12.764578889007874     
   5.9184217581220313     
   8.4432594284356295     
   8.3011387994145487     
   1.7160665261507966     
   3.4514593311106685     
   11.422644983081261     
   32.984318399936761     
   1.4485736624452048     
   6.9238119668727824     
  0.63539315513077732     
   11.678815254736168     
   9.2494187013642488     
   1.1855479630436303     
   35.354391051600864     
   1.5695192510599676     
   3.5602828939995410     
   6.7619844368867277     
   19.549081342134130     
   7.1247588681872962     
   4.6630336088778241     
   11.617525568600822     
   6.2334090147362398     
   25.881294069147138     
   15.052803457144265     
   9.2583809732081814     
  0.86941847879401846     
   7.2150679385952090     
   6.3952612742102186     
   9.1205977819361745     
   11.940076113715854     
   5.1723910200067627     
   3.1399278136466089     
  0.81714763368280652     
   14.650674220009641     
   7.6635301705929688     
   12.342660862459978     
   4.3608086807818021     
   1.9491154171882603     
   5.0446162380140125     
   5.4602053613877164     
   7.8038659840820159     
   8.0175428777122200     
   4.5710386794141771     
   2.8086244793004402     
   6.8448254899548475     
   4.6531189387996346     
   2.5855354704085212     
   1.9837193806848017     
   1.8851286361648436     
   9.5163650648252514     
   11.172392500610721     
  0.57658909541452164     
   10.950283731896143     
   8.0979902365630601     
   14.604852330156657     
   11.993970691998886     
   14.959284029845195     
   8.0989815810547441     
   7.1586859699492340     
   3.4147631522005395     
   25.911602032455630     
   9.2451689416641685     
   3.2325309194904586     
   2.9002640659517094     
   3.1438155929950633     
   19.169800250239945     
   7.5105591261882889     
   3.8229408853807407     
   11.412540883116325     
   7.7519290032146753     
   5.9361171260410242     
  0.11400349078473386     
   7.3426074389985434     
   50.280242259825116     
   21.832058215563343     
   2.1413454097649036     
   12.803653311021090     
   13.318443379862536     
   1.3086085889290904     
   8.0241042576877373     
   3.7480893739983854     
   7.4384204773039322     
   23.034614267219258     
   14.871176426140664     
   2.6119388525168774     
   5.1361917843010616     
   27.333781327574105     
   8.1605567897503111     
   5.3216704349654398     
   13.230611988481654     
   40.623751126706196     
   15.362065296807250     
   2.3085962032765095     
   13.811605812617575     
   9.8512746841138927     
   5.2622760970174998     
   26.319832583512298     
   39.631880137524561     
   9.8618094506129967     
  0.18067473542857429     
   27.424942281665455     
   6.3782601157074801     
   7.1897824592687538     
   15.884287457625387     
   2.6494312742053152     
   18.284603191336601     
   15.055446276854884     
   8.8545515017210121     
   11.185539665783384     
   3.2865868012710471     
   17.813463451862408     
   7.2169616549947611     
  0.20455248807132201     
   3.5740947474448470     
   13.437889089217272     
   16.389991227061930     
   7.2350239379328531     
   14.309093887211699     
   9.0265396828870870     
   22.527621335129894     
   5.8330387257440304     
   17.642988947314350     
   18.901406132819513     
   3.4871789190160687     
   1.2034896694165889     
   13.085257427309907     
   5.8910240857706615     
  0.56909563858336409     
   14.870395874121222     
   27.355703390049641     
   30.292476288296371     
   4.3044060560778412     
   12.418813599357584     
   6.2370071729983962     
   1.8469539721040911     
   4.7262202924057899     
   1.0236110324500785     
   3.0394435475636361     
  0.87343744367983067     
   12.220493411495912     
   2.5803403002872209     
   5.7103663515983953     
  0.66630653596525435     
   4.6005193869941694     
   8.3938671855607581     
   15.706256111660933     
   8.5158945114834328     
   18.719347464185219     
   10.520332770123968     
   7.8949163031235354     
   4.3469386952803530     
   1.0057964286074319     
   2.3566564582924183     
   12.747000733636503     
   2.1841089395200401     
   9.6163471872826882     
   2.6629951435355887     
   3.8048041145313705     
   20.032826857019472     
   20.980947367478024     
   30.375411720384019     
  0.61996842239244787     
   4.1893269920943190     
   2.5218367138509281     
   2.8822072559667227     
   7.7383458115905555     
   25.589383309066449     
   4.5111911977610317     
   4.6321974610216845     
   1.3128814381364309     
   19.045041423641113     
   6.9275196066546734     
   2.0002145405549872     
   21.845460815302161     
   13.099375668804200     
   19.067243189825511     
  0.49956735042379197     
   71.708598686922784     
  0.87006348537695044     
   7.0988082016167571     
   30.753786491532750     
   43.959475453760660     
   17.164988968463405     
   21.459860611175138     
   4.7356373086654227     
   31.195173534117426     
   6.8244765571783716     
   1.1178945762313179     
   10.141858461191761     
   1.5300359094554585     
   6.3283271928661886     
  0.51816396060463377     
   12.163009746228868     
   11.460770924067837     
   4.6508980330823793     
   21.428860976135194     
   3.2342176034540264     
   3.6216194892398952     
   6.4972541895053713     
   8.4032377644530740     
   8.9826030125615155     
   21.835147901117185     
   15.106656957496558     
   10.154388789675444     
   14.980483591635402     
   7.5278237807764636     
   59.738592041633922     
   2.7202671795524838     
   19.666589158627307     
   3.6601979319845102     
   7.5384127400296341     
   4.7275743274322322     
   7.2021550960250060     
   25.289594226132461     
   15.006014607090963     
   1.1467442378099200     
   27.297570297659618     
   9.0752836952507536     
  0.35678410537463501     
  0.80593069570786913     
   4.8437567062599483     
   7.2674340575932206     
   1.4867677674400550     
   26.316154352467976     
   7.6508708863898729     
   16.937463313009303     
   4.7805598212572118     
   20.438247209933941     
   30.494248769597672     
   8.7733223558918834     
   1.3188534384444581     
   10.530722090482911     
   10.246920206411536     
   18.998266755745444     
   14.481996335519957     
   6.4254377367196973     
   3.7427842715444331     
   4.9685357552396594     
   24.985500576082234     
   5.0488103554112573     
   11.333162022501288     
   14.178845774747511     
   24.276608196232992     
   23.350802738644706     
  0.41552626881841348     
  0.69734134068136688     
  0.95200203361416003     
   2.6301929558103909     
   7.9604487317176092E-002
   3.0426718710076353     
  0.92638599829274515     
  0.39242934011735009     
   15.253581715439758     
   13.972228866954772     
   25.292674272985487     
   2.1436257747395180     
   16.908233807068981     
   4.0829675779481907     
  0.16526615772160469     
   6.5903342707611596     
   21.400206265844833     
   9.5995962844383538     
   6.1759784931971842     
  0.25253106943057363     
   1.2407411556943775     
   1.4631791460682382     
   12.682638246273523     
   19.972859647727169     
   2.7424457332905909     
   2.5446644780376086     
  0.31061550618327610     
  0.29145298268558262     
   15.093220294760366     
   10.477326287618880     
   2.8496651953786660     
   6.4360598477629507     
   11.927635914703966     
  0.67075968285491461     
   4.6125296572555010     
   3.6148476870655646     
   8.0572533886699098     
   2.7987343647895271     
   27.325128556131016     
   9.5082051649083716     
   4.7566729687680027     
   30.273953294296390     
   18.603084016968378     
   5.4061565120781916     
   15.155765025514272     
   16.915542883650030     
   9.1259291016055961     
   3.5354593435617998     
   2.6158434388452232     
   6.0760868535356884     
  0.42606469950305248     
  0.50132693987751287     
   16.631305158398767     
   3.9347508462205480     
   2.0386115775926439     
   9.7435636113827844     
   5.9164570589344221     
   13.512197471913607     
   3.0401059313538932     
   23.502581750332865     
   7.8856112551331208     
   2.8521922386389558     
   11.041273082528793     
   6.5149255547782134     
  0.65319312936717222     
   13.334893963139011     
   5.3844216091200394     
   6.6052814154969148     
   20.381460264756974     
   8.0454825103378287     
   5.1252675592158958     
   28.337110474645971     
   18.863092875456907     
   7.9699345477147432     
   4.9358657103590193     
   6.0000688157100974     
   2.0857381519464906     
  0.71729331875680369     
   4.0729449724794389     
   16.807884724812151     
  0.85478956747079882     
   31.650844040849794     
   8.4433592675836699     
   10.043940984248845     
   1.7361806812196401     
   13.291728233667577     
   2.9246664021676589     
   25.150903325141698     
  0.63157791434077515     
   11.000548073272993     
   13.711696035291380     
   2.4839843100023753     
   12.628325610490108     
   1.2251496104821653     
   35.311618618647110     
  0.47604067856799037     
   4.1105852479587748     
   17.995195077670182     
   6.6776248648021319     
   5.9889883041608485     
   33.110513079132964     
   25.321337242377190     
  0.28590936100289960     
   12.905183765670472     
   25.628092198388327     
   4.8725360911717663     
   3.1805547259295630     
   19.731017007249324     
   5.2402232026729916     
   5.4956010686384345E-002
   1.2211053368126665     
   31.725965651171158     
   21.010509149050097     
  0.37769397132110349     
   30.676834546023489     
   47.640097730470750     
   9.6172952496808737     
   18.516761193263982     
   13.627630209280976     
   2.3043173922882798     
  0.38927329680749478     
   11.547904693054392     
   12.694535756111410     
   6.6040122771778265     
   14.606649950010098     
   5.1052542036759183     
   14.808274076677685     
   2.9885552306610204     
   16.668139840486369     
  0.37855811772636505     
   4.3758574704010442     
   7.3110229172714760     
   6.5710940883539379     
   1.4380189322194989     
   1.5674581317533287     
   4.1261118992187811     
   1.2621087371537096     
   17.540318569836046     
   1.4416176367797773     
   4.7983612722823663     
   5.2221166458375832     
   34.819493976896432     
   2.6323052816114649     
   13.290143082210239     
   8.0017207661089049     
   5.6414848793432357     
   5.7350895697150497     
   7.1202436150364807     
   10.497331642659546     
  0.28544569130246616     
   34.893274372288914     
  0.27513275938036547     
   1.2284110088962776     
   17.167696010770840     
   12.039300488414460     
   11.588745352066791     
   3.6552588073671228     
   14.755280125511980     
   29.624981987214689     
   2.9309512905733404     
   16.096773133416288     
   5.1861497639607119     
  0.48379000501706654     
   13.952656429708565     
   15.117365245231746     
   9.4439921323936673     
   7.7307295075788556     
  0.17089849978153851     
   15.591307861611693     
   1.9006141235984972     
   1.6793061363183295     
   1.6545702416358743     
   33.030117636460027     
   35.941447655787385     
  0.79290402612815747     
   1.8930801396151462     
   11.327609711820143     
   13.866339268224394     
   11.291683135301254     
   3.1015555686210923     
   21.013004197950409     
   8.0404786187619077     
   10.149651071627124     
   22.179925742832545     
   28.052277487345421     
   3.4952985381443158     
   13.439296728863848     
   5.5008508863650007     
  0.32356034845066711     
   1.1459822099008805     
   15.561945281965981     
   15.126440063344154     
   35.731737699713875     
   3.3493947444732850     
   8.8681309246234505     
  0.84722233000141900     
   3.2404825667785442     
   25.527863176341377     
   4.0624957442809029     
   1.3140070342753563     
   7.1516495556066664     
   7.0879042694996430     
   27.425867726018218     
   8.5061778084336694     
   20.778787376156039     
   18.315413673430211     
  0.86383882809762735     
   24.409964720748878     
   7.9383650619501331     
   5.7785060149619669     
   7.7742836375063176     
   13.249940930059434     
   9.8630559575984069     
   15.992874338708958     
   3.6663124889814176     
   10.613834728465250     
   1.8801668310251447     
   12.252184278069203     
   22.523833976019173     
   14.971700029123120     
   2.5416175586846848     
  0.62134339525031601     
   7.2193023129953229     
   26.908197410111200     
  0.63358187731759852     
   17.726606768170981     
   17.288061078205239     
   17.241692915665244     
   31.562388446536072     
   3.0779864138698239     
   15.758545014807638     
   16.035529723680707     
   14.284563309557319     
   12.800102570560064     
  0.81415470248792299     
   1.4005175830877961     
   6.0583039627561250     
   13.798540013375373     
   1.1054166384837358     
   20.436388366111039     
   7.9439881931061755     
   12.420827860997168     
   5.8072542491678938     
   9.4756996347755553     
   2.6170699360173000     
  0.40463646071588733     
   6.9163055853819149     
   13.683732884129931     
   3.2015131076592014     
   6.2119093331697082     
   7.5594009480847193     
   31.775942649437965     
   4.9257510855501039     
  0.73756494904147796     
  0.14563475527630398     
   58.801859091877937     
  0.41376431652101225     
   2.5501457353205463     
   1.8630324333906350     
   17.397635637582983     
   4.0461884191803961     
   18.875758444036432     
   14.942112335841070     
  0.83854847019718970     
   21.000963538818631     
  0.76332138137522310     
   1.9204272689473501     
   10.816743347948623     
   34.695961883620278     
   16.362818830037821     
   10.102475507507114     
  0.92069082781582434     
   3.7343608374074151     
   10.527496898976292     
   13.821687051925897     
   21.213518732547911     
   4.3927599084236704     
   18.464452600943922     
   23.708205231079724     
   1.7649103791359380     
   3.1504782753630107     
  0.26219167330541848     
   28.314387012523611     
   9.1422494353908501     
   3.5524300587157938     
   2.7817697684375871     
   4.5527911857321062     
   16.617880346630177     
  0.46605146044388268     
   3.9072192038077080     
   25.180847888101777     
   1.3438134130531865     
   4.6283524603369539     
  0.60401531616348658     
   1.2875862509332987     
   7.3701310357527197     
   1.7456241125654208     
  0.77604157895048265     
   34.960286932167698     
   6.0360390677625100     
   3.6890151158013449     
  0.75334452228064885     
   9.9381257151713278     
   11.251829822037028     
   8.3429603529575438     
   13.481067539630811     
   11.827928359852384     
   36.078313457000284     
   4.3698285932638239     
   36.150688000632044     
   10.265677428302901     
   1.7002337539896386     
   19.600254543278275     
   10.661670323572217     
   24.869983362669657     
   4.2223778159458467     
   12.089444076819751     
   23.845785355799002     
   9.4528237797018413     
   3.6781739678661225     
   6.2577718946061411     
   19.230052025604309     
   4.6767251661415212     
   1.2042453351281865     
   19.516515060698751     
   13.817983720974814     
   3.8290194337631176     
   10.473282449642159     
   20.038395972089610     
   1.4770735894914333     
   21.057806448717603     
   13.430853861625302     
   12.738253057479323     
  0.88050381200515382     
   8.7852937029564835     
   6.6698503594427319     
   13.771580628666285     
   11.645678289282300     
   2.9239669054696211     
  0.40822451489302813     
   3.4238414779619881     
   14.511523505997472     
   1.2581387177788228     
   28.718373114695343     
   16.755187600412157     
   7.9081146079646576     
   5.4166052496061754     
   1.9266079068043802E-002
   4.2979583698094928     
   10.869456469023005     
   26.125719286535624     
   3.3168933375155745     
   5.8658185127825160     
   7.3727619813686101     
   3.2264421179713070     
   18.541183606493053     
   1.9596235432549258     
   25.539198892409921     
   16.985696464494449     
   2.7968483381909612     
   7.8157151347609020     
   11.093046244752065     
   2.9177055553710258     
   2.0472361567139314     
   5.8188688751792039     
   7.5273024717643553     
   8.7351180634713241     
   4.5841409617900393     
   1.9492573844694401     
   9.0095029728897931     
   3.2303505114688531     
   9.1274197672796635     
   3.5937878862217665     
   20.456117088844859     
   18.335783116782189     
   8.2185970594610858     
   5.4752523701588371     
   1.9755531637233694     
   24.572442899777439     
   1.4303357518415867     
   31.000161408834011     
   20.531409785374123     
   1.5094777342149468     
   15.399182746530633     
   9.2567202414474430     
   36.660124905484111     
   1.1498277014170544     
   8.0924030352332075     
   8.8907212149634169     
   12.107678799703898     
  0.48515639019216156     
   28.337110474645971     
   18.741504940223734     
   4.6978316404802021     
   3.7266712525032384     
   13.907474299702294     
   25.564920365900036     
   1.9345122506514765     
   2.0453988985766287     
   25.618076493916963     
  0.92860427923875122     
   5.7194440075520507     
   11.399494596044534     
   7.5940073353595210     
   2.4922432074764029     
   7.8026121285396188     
   8.7508238316528448     
   4.7835597912800107     
   67.258639218274780     
   18.494550020291960     
   20.929795765934625     
   4.7536311949876922     
   14.826834422785868     
   4.3105130138528933     
   4.8331548826120923     
   7.6151024635076938     
   15.871816700746876     
   30.470528735158155     
   11.759235326433632     
   6.3826058689528873     
   4.6469737407519434     
   13.407089494329917     
   3.3149369100389006     
  0.87669542113440402     
   12.785261437339432     
   1.4687611162842091     
   17.205418633004548     
  0.71993712031288359     
   6.3965448720463156     
   13.325472240943434     
   2.7323889530200058     
   4.6655423247781469     
   3.9966644690590485     
   1.8952411841168693     
   11.487154033463352     
   5.9083610571417280     
   2.3302555373704772     
   9.5834266434380702     
  0.47740850599381257     
   7.5549033901929521     
   5.2073692228588833     
   2.9487217878187444     
  0.61612102527902846     
   3.0235949699642193     
   5.3678832348615373     
   2.8355546677704169     
   9.8550809965073700     
   15.902572554761768     
   7.0629813786837827     
   3.4617101744688847     
   20.564030838207362     
   1.8017561421152126     
  0.82153647130389995     
   8.2557020066549605     
   15.319368930669835     
   12.992848120077046     
   3.3462091449555080     
   14.042579364906313     
  0.59754400226350501     
   20.989851464339424     
   15.448947570461360     
   6.7476112670731112     
   8.2977763475814275     
   11.827757185197434     
   21.401422219153723     
   19.408764716480896     
   21.743960642176855     
   5.7215097972582027     
   10.153375255705392     
   1.7225675380572281     
   6.7451865434937606     
   6.7072213672325880     
   25.625958383443830     
   1.1514219548323608     
   28.025041096567087     
   7.3867704600593402     
   7.5842857195835673     
   8.4292862379444493     
   6.2194422868675581     
   4.0257702684958270     
   26.384838589796622     
   16.768657864328937     
   15.143151038370050     
   1.6718721778979142     
   8.8882041508212488     
   33.586983273961806     
   5.8786601375328082     
   7.3254262211210985     
   1.3529124321465100     
   13.282905016150277     
   3.9510967520675910     
   12.172935225457003     
   9.7335249268826569     
  0.79151042343325528     
   6.9201464770783983E-002
   23.947278966209623     
   2.8265835839602955     
   3.1183065853918213     
   7.0631504824170896     
   5.6726788834571362     
   2.3964192886705349     
   5.3221616292923652     
   2.4473099837452477     
   7.8924908032329197     
   6.9943685092509087     
   2.1096484844892451     
   10.495342925219092     
   19.640519115545690     
   1.8264414147260637     
   11.588927677860198     
   5.1550375179510919     
   20.280813969572389     
   5.2293778584172168     
   2.3221924474706497     
   20.966131269789354     
   22.417648187884570     
   23.762722898743146     
   11.870892360408963     
  0.53607827978222788     
   3.0689605543658716     
   10.176547656602510     
   2.8887010240390603     
   12.687232755492078     
  0.35565502017580414     
   2.8156108870425065     
   4.4750771593380776     
   10.347170936363748     
  0.22267138035467254     
   1.1571189398792652     
   6.4164662653948561     
   4.7350401113581455     
   4.0461205275946828     
   14.753768344302419     
   4.5581303044907697     
   6.9374722169364391     
   7.8111112485622272     
   1.3707032942726105     
   17.637562543133932     
   3.3346914771834713     
   22.561795031490863     
   6.3577572267863305     
   3.3169697422794453     
   7.7425129479389634     
   1.6561344907811884     
   2.1330672122740229     
   6.6877319246734634     
   1.7474752530521114     
   11.548290560179202     
   26.122761663403004     
   24.985993643410676     
   6.2718190805538256     
   6.3585857216053352     
  0.22066277699272308     
   16.483263253059690     
   16.645869071301135     
   32.278516775049411     
   13.073388460703391     
  0.53153383169538260     
  0.25075848514352272     
   2.3757077683078167     
   50.800455873843859     
   6.2928710096237550     
   4.2897792012514619     
   12.505545533561735     
   4.8631715705354459     
   9.1279483833776904     
   10.705381348492018     
   1.7450762179921229     
   3.5576929544198235     
   5.8299417592726668     
   25.656400561440414     
  0.51806854372830036     
   8.0235245134717879     
   20.871674616211084     
   3.4897743167956214     
   2.1118156188453336     
   9.1733411887809968     
   2.3727753641325848     
   1.1270624417598727     
   5.2755005062339242     
  0.54459430509503948     
   17.417156008306563     
  0.90365084818179375     
   1.8499656393255826     
   8.7764529103581364     
   3.7312406666557782     
  0.40625278805871418     
   1.1531261610823611     
   6.8277039329016986     
   18.722680360914101     
   7.2275161239017205     
   10.069738552285743     
  0.23430922874697976     
   2.5883209212325973     
   15.871035608768235     
   11.513757734438485     
   9.2782107042945192     
   3.2056745800724817     
   7.6937021665349725     
   2.7546101387818718     
   14.122487414274630     
   23.139297374689534     
   3.0006302503500870     
   19.179857610479328     
   9.8832063551215640E-002
   3.4621112590150331     
   4.3112615102560570     
   2.2685970431451090     
   3.2133320087930044     
   20.756436024676432     
   1.4239146991485967     
   9.1840212926570945     
   4.7985847134144972     
   10.122472348496746     
   3.7589545440803289     
  0.73120160170617088     
  0.82388176963866788     
   2.1708767545726042     
   13.083854638581265     
   16.477700053295841     
  0.14131022902629636     
   17.739203642526149     
   5.3724599779891218     
   13.508496523250106     
   10.500260953638431     
   13.905175530587243     
   32.502632996843651     
   6.8117329422881676     
   3.1874321316945005     
   3.0861017263775108     
   16.776299501286754     
   2.0097067102283086     
   28.589164617802236     
   5.8109750890465683     
   1.1856794936206663     
   1.8439346107491927     
   1.7319640961401641     
   15.045351459900472     
   17.191586884211844     
   23.381587477162302     
  0.40233283888096855     
   15.086718901260145     
   2.6463802288257758     
   23.552794627126652     
   8.5222042540971206     
   4.6279888717631392     
   11.178923817632176     
   10.458453187111088     
   1.2109493259484885     
   18.587087307806986     
   2.6290330723928808     
   7.0815854324008489     
   12.243647852495281     
   11.410003393560524     
   1.9424075880663190     
   1.2209167696911165     
   11.349296012944944     
   6.5280656409054636     
   8.4527652565343683     
   5.6108266069172466     
  0.81769613305850863     
   9.5345357967837270     
   6.0950416551334854     
   4.7036456473644179     
   5.4040770785280445     
   13.572377806096974     
   4.6867737592988421     
   11.571553298984105     
   2.6417184637089060     
   21.777342991053089     
   16.279968638004156     
   5.2991460901383842     
   6.4147272751460269     
   18.303274337371370     
   16.794259271640943     
   16.956767649106968     
   4.1113153312946951     
   10.416826238794485     
   6.4862248529561031     
   21.535060859153855     
   1.0860843606707471     
   13.845535142973155     
   27.029465458091558     
   16.237299948280043     
   3.5680056436003666     
   8.6738118388945278     
   2.4783131358837545     
   3.2802597983161301     
   1.9453351932757792     
   1.8126220447056476     
   3.8908040770822612     
   2.7198227954718757     
   3.4579697403327350     
   5.5133726863927368     
   1.7884811543843362     
   5.7536202562954886     
  0.46236269665863189     
   5.1403487519347824     
   1.2047321108963698     
   8.7447111960045980     
  0.98924788362875660     
  0.39900742447018972     
   5.2906806551032117     
